[{"model": "admin.logentry", "pk": 1, "fields": {"action_time": "2021-02-18T15:22:24.830Z", "user": 1, "content_type": 4, "object_id": "2", "object_repr": "anna", "action_flag": 1, "change_message": "[{\"added\": {}}]"}}, {"model": "admin.logentry", "pk": 2, "fields": {"action_time": "2021-02-18T15:22:32.912Z", "user": 1, "content_type": 4, "object_id": "3", "object_repr": "dimitris", "action_flag": 1, "change_message": "[{\"added\": {}}]"}}, {"model": "admin.logentry", "pk": 3, "fields": {"action_time": "2021-02-18T15:22:56.053Z", "user": 1, "content_type": 4, "object_id": "1", "object_repr": "thanos", "action_flag": 2, "change_message": "[{\"changed\": {\"fields\": [\"First name\", \"Last name\"]}}]"}}, {"model": "admin.logentry", "pk": 4, "fields": {"action_time": "2021-02-18T15:23:42.527Z", "user": 1, "content_type": 4, "object_id": "2", "object_repr": "anna", "action_flag": 2, "change_message": "[{\"changed\": {\"fields\": [\"First name\", \"Last name\", \"Email address\", \"Staff status\", \"Superuser status\"]}}]"}}, {"model": "admin.logentry", "pk": 5, "fields": {"action_time": "2021-02-18T15:23:56.539Z", "user": 1, "content_type": 4, "object_id": "3", "object_repr": "dimitris", "action_flag": 2, "change_message": "[{\"changed\": {\"fields\": [\"First name\", \"Last name\", \"Email address\", \"Staff status\", \"Superuser status\"]}}]"}}, {"model": "admin.logentry", "pk": 6, "fields": {"action_time": "2021-02-18T22:08:04.476Z", "user": 1, "content_type": 4, "object_id": "4", "object_repr": "nikos", "action_flag": 1, "change_message": "[{\"added\": {}}]"}}, {"model": "admin.logentry", "pk": 7, "fields": {"action_time": "2021-02-18T22:08:21.025Z", "user": 1, "content_type": 4, "object_id": "4", "object_repr": "nikos", "action_flag": 2, "change_message": "[{\"changed\": {\"fields\": [\"First name\", \"Last name\", \"Email address\", \"Staff status\", \"Superuser status\"]}}]"}}, {"model": "admin.logentry", "pk": 8, "fields": {"action_time": "2021-02-18T22:55:30.255Z", "user": 1, "content_type": 10, "object_id": "1", "object_repr": "Experience Team Team", "action_flag": 1, "change_message": "[{\"added\": {}}]"}}, {"model": "admin.logentry", "pk": 9, "fields": {"action_time": "2021-02-18T22:55:37.770Z", "user": 1, "content_type": 10, "object_id": "2", "object_repr": "Production Team Team", "action_flag": 1, "change_message": "[{\"added\": {}}]"}}, {"model": "admin.logentry", "pk": 10, "fields": {"action_time": "2021-02-18T22:55:42.982Z", "user": 1, "content_type": 10, "object_id": "3", "object_repr": "Partnerships Team Team", "action_flag": 1, "change_message": "[{\"added\": {}}]"}}, {"model": "admin.logentry", "pk": 11, "fields": {"action_time": "2021-02-18T22:55:50.276Z", "user": 1, "content_type": 10, "object_id": "4", "object_repr": "Communications Team Team", "action_flag": 1, "change_message": "[{\"added\": {}}]"}}, {"model": "admin.logentry", "pk": 12, "fields": {"action_time": "2021-02-18T22:55:54.192Z", "user": 1, "content_type": 10, "object_id": "5", "object_repr": "IT Team Team", "action_flag": 1, "change_message": "[{\"added\": {}}]"}}, {"model": "admin.logentry", "pk": 13, "fields": {"action_time": "2021-02-18T22:55:56.722Z", "user": 1, "content_type": 10, "object_id": "5", "object_repr": "IT Team Team", "action_flag": 2, "change_message": "[]"}}, {"model": "admin.logentry", "pk": 14, "fields": {"action_time": "2021-02-18T22:56:00.294Z", "user": 1, "content_type": 10, "object_id": "6", "object_repr": "Finance Team Team", "action_flag": 1, "change_message": "[{\"added\": {}}]"}}, {"model": "admin.logentry", "pk": 15, "fields": {"action_time": "2021-02-18T22:56:32.544Z", "user": 1, "content_type": 11, "object_id": "1", "object_repr": "Curator", "action_flag": 1, "change_message": "[{\"added\": {}}]"}}, {"model": "admin.logentry", "pk": 16, "fields": {"action_time": "2021-02-18T22:56:36.471Z", "user": 1, "content_type": 11, "object_id": "2", "object_repr": "Project Manager", "action_flag": 1, "change_message": "[{\"added\": {}}]"}}, {"model": "admin.logentry", "pk": 17, "fields": {"action_time": "2021-02-18T22:56:51.263Z", "user": 1, "content_type": 10, "object_id": "6", "object_repr": "Finance Team", "action_flag": 2, "change_message": "[{\"changed\": {\"fields\": [\"Name\"]}}]"}}, {"model": "admin.logentry", "pk": 18, "fields": {"action_time": "2021-02-18T22:56:55.173Z", "user": 1, "content_type": 10, "object_id": "5", "object_repr": "IT Team", "action_flag": 2, "change_message": "[{\"changed\": {\"fields\": [\"Name\"]}}]"}}, {"model": "admin.logentry", "pk": 19, "fields": {"action_time": "2021-02-18T22:56:57.719Z", "user": 1, "content_type": 10, "object_id": "4", "object_repr": "Communications Team", "action_flag": 2, "change_message": "[{\"changed\": {\"fields\": [\"Name\"]}}]"}}, {"model": "admin.logentry", "pk": 20, "fields": {"action_time": "2021-02-18T22:57:07.634Z", "user": 1, "content_type": 10, "object_id": "5", "object_repr": "IT Team Team", "action_flag": 2, "change_message": "[{\"changed\": {\"fields\": [\"Name\"]}}]"}}, {"model": "admin.logentry", "pk": 21, "fields": {"action_time": "2021-02-18T22:57:10.726Z", "user": 1, "content_type": 10, "object_id": "4", "object_repr": "Communications Team Team", "action_flag": 2, "change_message": "[{\"changed\": {\"fields\": [\"Name\"]}}]"}}, {"model": "admin.logentry", "pk": 22, "fields": {"action_time": "2021-02-18T22:57:13.773Z", "user": 1, "content_type": 10, "object_id": "6", "object_repr": "Finance Team Team", "action_flag": 2, "change_message": "[{\"changed\": {\"fields\": [\"Name\"]}}]"}}, {"model": "admin.logentry", "pk": 23, "fields": {"action_time": "2021-02-18T22:59:41.607Z", "user": 1, "content_type": 11, "object_id": "3", "object_repr": "Experience Manager", "action_flag": 1, "change_message": "[{\"added\": {}}]"}}, {"model": "admin.logentry", "pk": 24, "fields": {"action_time": "2021-02-18T22:59:43.847Z", "user": 1, "content_type": 11, "object_id": "3", "object_repr": "Experience Manager", "action_flag": 2, "change_message": "[]"}}, {"model": "admin.logentry", "pk": 25, "fields": {"action_time": "2021-02-18T22:59:52.497Z", "user": 1, "content_type": 11, "object_id": "4", "object_repr": "Experience Coordinator", "action_flag": 1, "change_message": "[{\"added\": {}}]"}}, {"model": "admin.logentry", "pk": 26, "fields": {"action_time": "2021-02-18T22:59:59.956Z", "user": 1, "content_type": 11, "object_id": "5", "object_repr": "Production Manager", "action_flag": 1, "change_message": "[{\"added\": {}}]"}}, {"model": "admin.logentry", "pk": 27, "fields": {"action_time": "2021-02-18T23:00:04.363Z", "user": 1, "content_type": 11, "object_id": "6", "object_repr": "Stage and Technology Coordinator", "action_flag": 1, "change_message": "[{\"added\": {}}]"}}, {"model": "admin.logentry", "pk": 28, "fields": {"action_time": "2021-02-18T23:00:12.820Z", "user": 1, "content_type": 11, "object_id": "7", "object_repr": "Partnerships Manager", "action_flag": 1, "change_message": "[{\"added\": {}}]"}}, {"model": "admin.logentry", "pk": 29, "fields": {"action_time": "2021-02-18T23:00:16.649Z", "user": 1, "content_type": 11, "object_id": "8", "object_repr": "Partnerships Coordinator", "action_flag": 1, "change_message": "[{\"added\": {}}]"}}, {"model": "admin.logentry", "pk": 30, "fields": {"action_time": "2021-02-18T23:00:24.337Z", "user": 1, "content_type": 11, "object_id": "9", "object_repr": "Communications Manager", "action_flag": 1, "change_message": "[{\"added\": {}}]"}}, {"model": "admin.logentry", "pk": 31, "fields": {"action_time": "2021-02-18T23:00:28.633Z", "user": 1, "content_type": 11, "object_id": "10", "object_repr": "Social Media Coordinator", "action_flag": 1, "change_message": "[{\"added\": {}}]"}}, {"model": "admin.logentry", "pk": 32, "fields": {"action_time": "2021-02-18T23:00:32.672Z", "user": 1, "content_type": 11, "object_id": "11", "object_repr": "Translator Coordinator", "action_flag": 1, "change_message": "[{\"added\": {}}]"}}, {"model": "admin.logentry", "pk": 33, "fields": {"action_time": "2021-02-18T23:00:39.779Z", "user": 1, "content_type": 11, "object_id": "12", "object_repr": "Press Coordinator", "action_flag": 1, "change_message": "[{\"added\": {}}]"}}, {"model": "admin.logentry", "pk": 34, "fields": {"action_time": "2021-02-18T23:00:43.655Z", "user": 1, "content_type": 11, "object_id": "13", "object_repr": "Graphic Designer Coordinator", "action_flag": 1, "change_message": "[{\"added\": {}}]"}}, {"model": "admin.logentry", "pk": 35, "fields": {"action_time": "2021-02-18T23:00:48.327Z", "user": 1, "content_type": 11, "object_id": "14", "object_repr": "IT Manager", "action_flag": 1, "change_message": "[{\"added\": {}}]"}}, {"model": "admin.logentry", "pk": 36, "fields": {"action_time": "2021-02-18T23:00:51.840Z", "user": 1, "content_type": 11, "object_id": "15", "object_repr": "Web Developer Coordinator", "action_flag": 1, "change_message": "[{\"added\": {}}]"}}, {"model": "admin.logentry", "pk": 37, "fields": {"action_time": "2021-02-18T23:00:58.627Z", "user": 1, "content_type": 11, "object_id": "16", "object_repr": "Finance and Quality Manager", "action_flag": 1, "change_message": "[{\"added\": {}}]"}}, {"model": "admin.logentry", "pk": 38, "fields": {"action_time": "2021-02-18T23:06:06.952Z", "user": 1, "content_type": 12, "object_id": "1", "object_repr": "Μάρκος Τσόγκας", "action_flag": 1, "change_message": "[{\"added\": {}}]"}}, {"model": "admin.logentry", "pk": 39, "fields": {"action_time": "2021-02-18T23:06:59.942Z", "user": 1, "content_type": 12, "object_id": "2", "object_repr": "Νίκος Θεολόγου", "action_flag": 1, "change_message": "[{\"added\": {}}]"}}, {"model": "admin.logentry", "pk": 40, "fields": {"action_time": "2021-02-18T23:07:40.868Z", "user": 1, "content_type": 12, "object_id": "3", "object_repr": "Κατερίνα Χρονοπούλου", "action_flag": 1, "change_message": "[{\"added\": {}}]"}}, {"model": "admin.logentry", "pk": 41, "fields": {"action_time": "2021-02-18T23:08:11.393Z", "user": 1, "content_type": 12, "object_id": "3", "object_repr": "Κατερίνα Χρονοπούλου", "action_flag": 2, "change_message": "[{\"changed\": {\"fields\": [\"Photo URL\"]}}]"}}, {"model": "admin.logentry", "pk": 42, "fields": {"action_time": "2021-02-18T23:08:15.823Z", "user": 1, "content_type": 12, "object_id": "2", "object_repr": "Νίκος Θεολόγου", "action_flag": 2, "change_message": "[{\"changed\": {\"fields\": [\"Photo URL\"]}}]"}}, {"model": "admin.logentry", "pk": 43, "fields": {"action_time": "2021-02-18T23:08:20.349Z", "user": 1, "content_type": 12, "object_id": "1", "object_repr": "Μάρκος Τσόγκας", "action_flag": 2, "change_message": "[{\"changed\": {\"fields\": [\"Photo URL\"]}}]"}}, {"model": "admin.logentry", "pk": 44, "fields": {"action_time": "2021-02-18T23:08:24.365Z", "user": 1, "content_type": 12, "object_id": "1", "object_repr": "Μάρκος Τσόγκας", "action_flag": 2, "change_message": "[{\"changed\": {\"fields\": [\"Photo URL\"]}}]"}}, {"model": "admin.logentry", "pk": 45, "fields": {"action_time": "2021-02-18T23:08:27.348Z", "user": 1, "content_type": 12, "object_id": "2", "object_repr": "Νίκος Θεολόγου", "action_flag": 2, "change_message": "[{\"changed\": {\"fields\": [\"Photo URL\"]}}]"}}, {"model": "admin.logentry", "pk": 46, "fields": {"action_time": "2021-02-18T23:08:30.240Z", "user": 1, "content_type": 12, "object_id": "3", "object_repr": "Κατερίνα Χρονοπούλου", "action_flag": 2, "change_message": "[{\"changed\": {\"fields\": [\"Photo URL\"]}}]"}}, {"model": "admin.logentry", "pk": 47, "fields": {"action_time": "2021-02-18T23:09:06.955Z", "user": 1, "content_type": 12, "object_id": "4", "object_repr": "Γεωργία Τσαμάλη", "action_flag": 1, "change_message": "[{\"added\": {}}]"}}, {"model": "admin.logentry", "pk": 48, "fields": {"action_time": "2021-02-18T23:09:36.128Z", "user": 1, "content_type": 12, "object_id": "5", "object_repr": "Ειρήνη Παυλίδου", "action_flag": 1, "change_message": "[{\"added\": {}}]"}}, {"model": "admin.logentry", "pk": 49, "fields": {"action_time": "2021-02-18T23:10:06.206Z", "user": 1, "content_type": 12, "object_id": "6", "object_repr": "Εύα Φρέντζου", "action_flag": 1, "change_message": "[{\"added\": {}}]"}}, {"model": "admin.logentry", "pk": 50, "fields": {"action_time": "2021-02-18T23:10:27.666Z", "user": 1, "content_type": 12, "object_id": "7", "object_repr": "Μαριάννα Βαλσάμη", "action_flag": 1, "change_message": "[{\"added\": {}}]"}}, {"model": "admin.logentry", "pk": 51, "fields": {"action_time": "2021-02-18T23:11:15.102Z", "user": 1, "content_type": 12, "object_id": "8", "object_repr": "Πάρις Παπανικολάου", "action_flag": 1, "change_message": "[{\"added\": {}}]"}}, {"model": "admin.logentry", "pk": 52, "fields": {"action_time": "2021-02-18T23:11:43.744Z", "user": 1, "content_type": 12, "object_id": "9", "object_repr": "Κωνσταντίνα Τσουκαλά", "action_flag": 1, "change_message": "[{\"added\": {}}]"}}, {"model": "admin.logentry", "pk": 53, "fields": {"action_time": "2021-02-18T23:12:13.965Z", "user": 1, "content_type": 12, "object_id": "10", "object_repr": "Παναγιώτης Χρυσοχού", "action_flag": 1, "change_message": "[{\"added\": {}}]"}}, {"model": "admin.logentry", "pk": 54, "fields": {"action_time": "2021-02-18T23:12:53.211Z", "user": 1, "content_type": 12, "object_id": "11", "object_repr": "Βασίλης Κακαριάρης", "action_flag": 1, "change_message": "[{\"added\": {}}]"}}, {"model": "admin.logentry", "pk": 55, "fields": {"action_time": "2021-02-18T23:13:10.939Z", "user": 1, "content_type": 12, "object_id": "12", "object_repr": "Αρετή Πάντου", "action_flag": 1, "change_message": "[{\"added\": {}}]"}}, {"model": "admin.logentry", "pk": 56, "fields": {"action_time": "2021-02-18T23:13:29.219Z", "user": 1, "content_type": 12, "object_id": "13", "object_repr": "Ελένη Αναστασίου", "action_flag": 1, "change_message": "[{\"added\": {}}]"}}, {"model": "admin.logentry", "pk": 57, "fields": {"action_time": "2021-02-18T23:13:45.200Z", "user": 1, "content_type": 12, "object_id": "14", "object_repr": "Λυδία Τουρή", "action_flag": 1, "change_message": "[{\"added\": {}}]"}}, {"model": "admin.logentry", "pk": 58, "fields": {"action_time": "2021-02-18T23:14:09.036Z", "user": 1, "content_type": 12, "object_id": "15", "object_repr": "Πέτρος Τσαχουρίδης", "action_flag": 1, "change_message": "[{\"added\": {}}]"}}, {"model": "admin.logentry", "pk": 59, "fields": {"action_time": "2021-02-18T23:14:47.908Z", "user": 1, "content_type": 12, "object_id": "16", "object_repr": "Χριστίνα Δρυ", "action_flag": 1, "change_message": "[{\"added\": {}}]"}}, {"model": "admin.logentry", "pk": 60, "fields": {"action_time": "2021-02-18T23:15:11.987Z", "user": 1, "content_type": 12, "object_id": "17", "object_repr": "Αφροδίτη Πουχτού", "action_flag": 1, "change_message": "[{\"added\": {}}]"}}, {"model": "admin.logentry", "pk": 61, "fields": {"action_time": "2021-02-18T23:15:32.061Z", "user": 1, "content_type": 12, "object_id": "18", "object_repr": "Ηλιάνα Ζαρκάδα", "action_flag": 1, "change_message": "[{\"added\": {}}]"}}, {"model": "admin.logentry", "pk": 62, "fields": {"action_time": "2021-02-18T23:15:33.119Z", "user": 1, "content_type": 12, "object_id": "18", "object_repr": "Ηλιάνα Ζαρκάδα", "action_flag": 2, "change_message": "[]"}}, {"model": "admin.logentry", "pk": 63, "fields": {"action_time": "2021-02-18T23:15:53.869Z", "user": 1, "content_type": 12, "object_id": "19", "object_repr": "Μαργαρίτα Μαρούτσου", "action_flag": 1, "change_message": "[{\"added\": {}}]"}}, {"model": "admin.logentry", "pk": 64, "fields": {"action_time": "2021-02-18T23:16:38.954Z", "user": 1, "content_type": 12, "object_id": "20", "object_repr": "Σωκράτης Παπαγεωργίου", "action_flag": 1, "change_message": "[{\"added\": {}}]"}}, {"model": "admin.logentry", "pk": 65, "fields": {"action_time": "2021-02-18T23:16:57.367Z", "user": 1, "content_type": 12, "object_id": "21", "object_repr": "Θάνος Παραβάντης", "action_flag": 1, "change_message": "[{\"added\": {}}]"}}, {"model": "admin.logentry", "pk": 66, "fields": {"action_time": "2021-02-18T23:17:25.298Z", "user": 1, "content_type": 12, "object_id": "22", "object_repr": "Άννα Νούκου", "action_flag": 1, "change_message": "[{\"added\": {}}]"}}, {"model": "admin.logentry", "pk": 67, "fields": {"action_time": "2021-02-18T23:17:51.994Z", "user": 1, "content_type": 12, "object_id": "23", "object_repr": "Δημήτρης Αμουργιανός", "action_flag": 1, "change_message": "[{\"added\": {}}]"}}, {"model": "admin.logentry", "pk": 68, "fields": {"action_time": "2021-02-18T23:18:11.209Z", "user": 1, "content_type": 12, "object_id": "24", "object_repr": "Γιάννης Μακρής", "action_flag": 1, "change_message": "[{\"added\": {}}]"}}, {"model": "admin.logentry", "pk": 69, "fields": {"action_time": "2021-02-18T23:46:28.513Z", "user": 1, "content_type": 8, "object_id": "1", "object_repr": "Aegean", "action_flag": 1, "change_message": "[{\"added\": {}}]"}}, {"model": "admin.logentry", "pk": 70, "fields": {"action_time": "2021-02-18T23:46:53.467Z", "user": 1, "content_type": 8, "object_id": "2", "object_repr": "National Bank of Greece", "action_flag": 1, "change_message": "[{\"added\": {}}]"}}, {"model": "admin.logentry", "pk": 71, "fields": {"action_time": "2021-02-18T23:47:34.485Z", "user": 1, "content_type": 8, "object_id": "3", "object_repr": "Ευρωπαϊκή Πίστη", "action_flag": 1, "change_message": "[{\"added\": {}}]"}}, {"model": "admin.logentry", "pk": 72, "fields": {"action_time": "2021-02-18T23:47:43.843Z", "user": 1, "content_type": 8, "object_id": "2", "object_repr": "Εθνική Τράπεζα", "action_flag": 2, "change_message": "[{\"changed\": {\"fields\": [\"Name\"]}}]"}}, {"model": "admin.logentry", "pk": 73, "fields": {"action_time": "2021-02-18T23:48:24.915Z", "user": 1, "content_type": 8, "object_id": "4", "object_repr": "Dingo", "action_flag": 1, "change_message": "[{\"added\": {}}]"}}, {"model": "admin.logentry", "pk": 74, "fields": {"action_time": "2021-02-18T23:48:37.009Z", "user": 1, "content_type": 8, "object_id": "4", "object_repr": "Dingo", "action_flag": 2, "change_message": "[]"}}, {"model": "admin.logentry", "pk": 75, "fields": {"action_time": "2021-02-18T23:49:15.462Z", "user": 1, "content_type": 8, "object_id": "5", "object_repr": "Oracle", "action_flag": 1, "change_message": "[{\"added\": {}}]"}}, {"model": "admin.logentry", "pk": 76, "fields": {"action_time": "2021-02-18T23:49:53.967Z", "user": 1, "content_type": 8, "object_id": "6", "object_repr": "Global Prep", "action_flag": 1, "change_message": "[{\"added\": {}}]"}}, {"model": "admin.logentry", "pk": 77, "fields": {"action_time": "2021-02-18T23:50:46.326Z", "user": 1, "content_type": 8, "object_id": "7", "object_repr": "Βενέτη", "action_flag": 1, "change_message": "[{\"added\": {}}]"}}, {"model": "admin.logentry", "pk": 78, "fields": {"action_time": "2021-02-18T23:51:26.765Z", "user": 1, "content_type": 8, "object_id": "8", "object_repr": "Coca-Cola Τρία Έψιλον", "action_flag": 1, "change_message": "[{\"added\": {}}]"}}, {"model": "admin.logentry", "pk": 79, "fields": {"action_time": "2021-02-18T23:51:44.577Z", "user": 1, "content_type": 8, "object_id": "1", "object_repr": "Aegean", "action_flag": 2, "change_message": "[{\"changed\": {\"fields\": [\"Brand URL\"]}}]"}}, {"model": "admin.logentry", "pk": 80, "fields": {"action_time": "2021-02-18T23:51:49.515Z", "user": 1, "content_type": 8, "object_id": "5", "object_repr": "Oracle", "action_flag": 2, "change_message": "[]"}}, {"model": "admin.logentry", "pk": 81, "fields": {"action_time": "2021-02-18T23:51:56.472Z", "user": 1, "content_type": 8, "object_id": "5", "object_repr": "Oracle", "action_flag": 2, "change_message": "[]"}}, {"model": "admin.logentry", "pk": 82, "fields": {"action_time": "2021-02-18T23:52:34.509Z", "user": 1, "content_type": 8, "object_id": "9", "object_repr": "Starbucks", "action_flag": 1, "change_message": "[{\"added\": {}}]"}}, {"model": "admin.logentry", "pk": 83, "fields": {"action_time": "2021-02-18T23:52:42.055Z", "user": 1, "content_type": 8, "object_id": "8", "object_repr": "Coca-Cola Τρία Έψιλον", "action_flag": 2, "change_message": "[{\"changed\": {\"fields\": [\"Logo URL\"]}}]"}}, {"model": "admin.logentry", "pk": 84, "fields": {"action_time": "2021-02-18T23:52:45.522Z", "user": 1, "content_type": 8, "object_id": "4", "object_repr": "Dingo", "action_flag": 2, "change_message": "[{\"changed\": {\"fields\": [\"Logo URL\"]}}]"}}, {"model": "admin.logentry", "pk": 85, "fields": {"action_time": "2021-02-18T23:52:49.193Z", "user": 1, "content_type": 8, "object_id": "6", "object_repr": "Global Prep", "action_flag": 2, "change_message": "[{\"changed\": {\"fields\": [\"Logo URL\"]}}]"}}, {"model": "admin.logentry", "pk": 86, "fields": {"action_time": "2021-02-18T23:52:52.263Z", "user": 1, "content_type": 8, "object_id": "6", "object_repr": "Global Prep", "action_flag": 2, "change_message": "[]"}}, {"model": "admin.logentry", "pk": 87, "fields": {"action_time": "2021-02-18T23:52:55.666Z", "user": 1, "content_type": 8, "object_id": "5", "object_repr": "Oracle", "action_flag": 2, "change_message": "[{\"changed\": {\"fields\": [\"Logo URL\"]}}]"}}, {"model": "admin.logentry", "pk": 88, "fields": {"action_time": "2021-02-18T23:52:58.199Z", "user": 1, "content_type": 8, "object_id": "9", "object_repr": "Starbucks", "action_flag": 2, "change_message": "[]"}}, {"model": "admin.logentry", "pk": 89, "fields": {"action_time": "2021-02-18T23:53:01.387Z", "user": 1, "content_type": 8, "object_id": "7", "object_repr": "Βενέτη", "action_flag": 2, "change_message": "[{\"changed\": {\"fields\": [\"Logo URL\"]}}]"}}, {"model": "admin.logentry", "pk": 90, "fields": {"action_time": "2021-02-18T23:53:04.676Z", "user": 1, "content_type": 8, "object_id": "2", "object_repr": "Εθνική Τράπεζα", "action_flag": 2, "change_message": "[{\"changed\": {\"fields\": [\"Logo URL\"]}}]"}}, {"model": "admin.logentry", "pk": 91, "fields": {"action_time": "2021-02-18T23:53:08.447Z", "user": 1, "content_type": 8, "object_id": "3", "object_repr": "Ευρωπαϊκή Πίστη", "action_flag": 2, "change_message": "[{\"changed\": {\"fields\": [\"Logo URL\"]}}]"}}, {"model": "admin.logentry", "pk": 92, "fields": {"action_time": "2021-02-18T23:53:11.361Z", "user": 1, "content_type": 8, "object_id": "9", "object_repr": "Starbucks", "action_flag": 2, "change_message": "[]"}}, {"model": "admin.logentry", "pk": 93, "fields": {"action_time": "2021-02-18T23:54:11.840Z", "user": 1, "content_type": 8, "object_id": "10", "object_repr": "The Cube", "action_flag": 1, "change_message": "[{\"added\": {}}]"}}, {"model": "admin.logentry", "pk": 94, "fields": {"action_time": "2021-02-18T23:54:42.360Z", "user": 1, "content_type": 8, "object_id": "11", "object_repr": "Sarantis", "action_flag": 1, "change_message": "[{\"added\": {}}]"}}, {"model": "admin.logentry", "pk": 95, "fields": {"action_time": "2021-02-18T23:55:45.331Z", "user": 1, "content_type": 8, "object_id": "12", "object_repr": "Fresh Line", "action_flag": 1, "change_message": "[{\"added\": {}}]"}}, {"model": "admin.logentry", "pk": 96, "fields": {"action_time": "2021-02-18T23:56:36.654Z", "user": 1, "content_type": 8, "object_id": "1", "object_repr": "Aegean", "action_flag": 2, "change_message": "[{\"changed\": {\"fields\": [\"Type\"]}}]"}}, {"model": "admin.logentry", "pk": 97, "fields": {"action_time": "2021-02-18T23:56:39.844Z", "user": 1, "content_type": 8, "object_id": "8", "object_repr": "Coca-Cola Τρία Έψιλον", "action_flag": 2, "change_message": "[{\"changed\": {\"fields\": [\"Type\"]}}]"}}, {"model": "admin.logentry", "pk": 98, "fields": {"action_time": "2021-02-18T23:56:45.989Z", "user": 1, "content_type": 8, "object_id": "4", "object_repr": "Dingo", "action_flag": 2, "change_message": "[{\"changed\": {\"fields\": [\"Type\"]}}]"}}, {"model": "admin.logentry", "pk": 99, "fields": {"action_time": "2021-02-18T23:56:49.242Z", "user": 1, "content_type": 8, "object_id": "12", "object_repr": "Fresh Line", "action_flag": 2, "change_message": "[{\"changed\": {\"fields\": [\"Type\"]}}]"}}, {"model": "admin.logentry", "pk": 100, "fields": {"action_time": "2021-02-18T23:56:53.473Z", "user": 1, "content_type": 8, "object_id": "6", "object_repr": "Global Prep", "action_flag": 2, "change_message": "[{\"changed\": {\"fields\": [\"Type\"]}}]"}}, {"model": "admin.logentry", "pk": 101, "fields": {"action_time": "2021-02-18T23:56:57.945Z", "user": 1, "content_type": 8, "object_id": "5", "object_repr": "Oracle", "action_flag": 2, "change_message": "[{\"changed\": {\"fields\": [\"Type\"]}}]"}}, {"model": "admin.logentry", "pk": 102, "fields": {"action_time": "2021-02-18T23:57:06.009Z", "user": 1, "content_type": 8, "object_id": "11", "object_repr": "Sarantis", "action_flag": 2, "change_message": "[{\"changed\": {\"fields\": [\"Type\"]}}]"}}, {"model": "admin.logentry", "pk": 103, "fields": {"action_time": "2021-02-18T23:57:10.044Z", "user": 1, "content_type": 8, "object_id": "11", "object_repr": "Sarantis", "action_flag": 2, "change_message": "[{\"changed\": {\"fields\": [\"Logo URL\"]}}]"}}, {"model": "admin.logentry", "pk": 104, "fields": {"action_time": "2021-02-18T23:57:14.271Z", "user": 1, "content_type": 8, "object_id": "9", "object_repr": "Starbucks", "action_flag": 2, "change_message": "[{\"changed\": {\"fields\": [\"Type\"]}}]"}}, {"model": "admin.logentry", "pk": 105, "fields": {"action_time": "2021-02-18T23:57:17.783Z", "user": 1, "content_type": 8, "object_id": "10", "object_repr": "The Cube", "action_flag": 2, "change_message": "[{\"changed\": {\"fields\": [\"Type\"]}}]"}}, {"model": "admin.logentry", "pk": 106, "fields": {"action_time": "2021-02-18T23:57:21.561Z", "user": 1, "content_type": 8, "object_id": "7", "object_repr": "Βενέτη", "action_flag": 2, "change_message": "[{\"changed\": {\"fields\": [\"Type\"]}}]"}}, {"model": "admin.logentry", "pk": 107, "fields": {"action_time": "2021-02-18T23:57:26.592Z", "user": 1, "content_type": 8, "object_id": "2", "object_repr": "Εθνική Τράπεζα", "action_flag": 2, "change_message": "[{\"changed\": {\"fields\": [\"Type\"]}}]"}}, {"model": "admin.logentry", "pk": 108, "fields": {"action_time": "2021-02-18T23:57:31.075Z", "user": 1, "content_type": 8, "object_id": "3", "object_repr": "Ευρωπαϊκή Πίστη", "action_flag": 2, "change_message": "[{\"changed\": {\"fields\": [\"Type\"]}}]"}}, {"model": "admin.logentry", "pk": 109, "fields": {"action_time": "2021-02-18T23:58:24.381Z", "user": 1, "content_type": 8, "object_id": "1", "object_repr": "Aegean", "action_flag": 2, "change_message": "[]"}}, {"model": "admin.logentry", "pk": 110, "fields": {"action_time": "2021-02-18T23:58:28.912Z", "user": 1, "content_type": 8, "object_id": "8", "object_repr": "Coca-Cola Τρία Έψιλον", "action_flag": 2, "change_message": "[{\"changed\": {\"fields\": [\"Logo URL\"]}}]"}}, {"model": "admin.logentry", "pk": 111, "fields": {"action_time": "2021-02-18T23:58:32.522Z", "user": 1, "content_type": 8, "object_id": "4", "object_repr": "Dingo", "action_flag": 2, "change_message": "[{\"changed\": {\"fields\": [\"Logo URL\"]}}]"}}, {"model": "admin.logentry", "pk": 112, "fields": {"action_time": "2021-02-18T23:58:36.614Z", "user": 1, "content_type": 8, "object_id": "12", "object_repr": "Fresh Line", "action_flag": 2, "change_message": "[{\"changed\": {\"fields\": [\"Logo URL\"]}}]"}}, {"model": "admin.logentry", "pk": 113, "fields": {"action_time": "2021-02-18T23:58:41.047Z", "user": 1, "content_type": 8, "object_id": "6", "object_repr": "Global Prep", "action_flag": 2, "change_message": "[{\"changed\": {\"fields\": [\"Logo URL\"]}}]"}}, {"model": "admin.logentry", "pk": 114, "fields": {"action_time": "2021-02-18T23:58:46.492Z", "user": 1, "content_type": 8, "object_id": "5", "object_repr": "Oracle", "action_flag": 2, "change_message": "[{\"changed\": {\"fields\": [\"Logo URL\"]}}]"}}, {"model": "admin.logentry", "pk": 115, "fields": {"action_time": "2021-02-18T23:58:52.176Z", "user": 1, "content_type": 8, "object_id": "11", "object_repr": "Sarantis", "action_flag": 2, "change_message": "[{\"changed\": {\"fields\": [\"Logo URL\"]}}]"}}, {"model": "admin.logentry", "pk": 116, "fields": {"action_time": "2021-02-18T23:58:56.183Z", "user": 1, "content_type": 8, "object_id": "9", "object_repr": "Starbucks", "action_flag": 2, "change_message": "[{\"changed\": {\"fields\": [\"Logo URL\"]}}]"}}, {"model": "admin.logentry", "pk": 117, "fields": {"action_time": "2021-02-18T23:59:00.797Z", "user": 1, "content_type": 8, "object_id": "10", "object_repr": "The Cube", "action_flag": 2, "change_message": "[{\"changed\": {\"fields\": [\"Logo URL\"]}}]"}}, {"model": "admin.logentry", "pk": 118, "fields": {"action_time": "2021-02-18T23:59:05.098Z", "user": 1, "content_type": 8, "object_id": "7", "object_repr": "Βενέτη", "action_flag": 2, "change_message": "[{\"changed\": {\"fields\": [\"Logo URL\"]}}]"}}, {"model": "admin.logentry", "pk": 119, "fields": {"action_time": "2021-02-18T23:59:08.899Z", "user": 1, "content_type": 8, "object_id": "2", "object_repr": "Εθνική Τράπεζα", "action_flag": 2, "change_message": "[{\"changed\": {\"fields\": [\"Logo URL\"]}}]"}}, {"model": "admin.logentry", "pk": 120, "fields": {"action_time": "2021-02-18T23:59:13.428Z", "user": 1, "content_type": 8, "object_id": "3", "object_repr": "Ευρωπαϊκή Πίστη", "action_flag": 2, "change_message": "[{\"changed\": {\"fields\": [\"Logo URL\"]}}]"}}, {"model": "admin.logentry", "pk": 121, "fields": {"action_time": "2021-02-19T00:10:59.489Z", "user": 1, "content_type": 9, "object_id": "1", "object_repr": "Facebook", "action_flag": 1, "change_message": "[{\"added\": {}}]"}}, {"model": "admin.logentry", "pk": 122, "fields": {"action_time": "2021-02-19T00:11:11.684Z", "user": 1, "content_type": 9, "object_id": "2", "object_repr": "YouTube", "action_flag": 1, "change_message": "[{\"added\": {}}]"}}, {"model": "admin.logentry", "pk": 123, "fields": {"action_time": "2021-02-19T00:11:26.370Z", "user": 1, "content_type": 9, "object_id": "3", "object_repr": "Instagram", "action_flag": 1, "change_message": "[{\"added\": {}}]"}}, {"model": "admin.logentry", "pk": 124, "fields": {"action_time": "2021-02-19T00:11:32.323Z", "user": 1, "content_type": 9, "object_id": "4", "object_repr": "Twitter", "action_flag": 1, "change_message": "[{\"added\": {}}]"}}, {"model": "admin.logentry", "pk": 125, "fields": {"action_time": "2021-02-19T00:11:39.418Z", "user": 1, "content_type": 9, "object_id": "5", "object_repr": "LinkedIn", "action_flag": 1, "change_message": "[{\"added\": {}}]"}}, {"model": "admin.logentry", "pk": 126, "fields": {"action_time": "2021-02-19T00:11:47.817Z", "user": 1, "content_type": 9, "object_id": "6", "object_repr": "Flickr", "action_flag": 1, "change_message": "[{\"added\": {}}]"}}, {"model": "admin.logentry", "pk": 127, "fields": {"action_time": "2021-02-19T00:22:33.170Z", "user": 1, "content_type": 7, "object_id": "1", "object_repr": "Believe. Act. Change. 2013", "action_flag": 1, "change_message": "[{\"added\": {}}, {\"added\": {\"name\": \"Photo\", \"object\": \"EventPhoto object (1)\"}}, {\"added\": {\"name\": \"Photo\", \"object\": \"EventPhoto object (2)\"}}, {\"added\": {\"name\": \"Photo\", \"object\": \"EventPhoto object (3)\"}}, {\"added\": {\"name\": \"Photo\", \"object\": \"EventPhoto object (4)\"}}, {\"added\": {\"name\": \"Photo\", \"object\": \"EventPhoto object (5)\"}}, {\"added\": {\"name\": \"Photo\", \"object\": \"EventPhoto object (6)\"}}, {\"added\": {\"name\": \"Photo\", \"object\": \"EventPhoto object (7)\"}}, {\"added\": {\"name\": \"Photo\", \"object\": \"EventPhoto object (8)\"}}, {\"added\": {\"name\": \"Photo\", \"object\": \"EventPhoto object (9)\"}}, {\"added\": {\"name\": \"Photo\", \"object\": \"EventPhoto object (10)\"}}, {\"added\": {\"name\": \"Photo\", \"object\": \"EventPhoto object (11)\"}}, {\"added\": {\"name\": \"Photo\", \"object\": \"EventPhoto object (12)\"}}, {\"added\": {\"name\": \"Photo\", \"object\": \"EventPhoto object (13)\"}}, {\"added\": {\"name\": \"Photo\", \"object\": \"EventPhoto object (14)\"}}, {\"added\": {\"name\": \"Photo\", \"object\": \"EventPhoto object (15)\"}}, {\"added\": {\"name\": \"Photo\", \"object\": \"EventPhoto object (16)\"}}, {\"added\": {\"name\": \"Photo\", \"object\": \"EventPhoto object (17)\"}}, {\"added\": {\"name\": \"Photo\", \"object\": \"EventPhoto object (18)\"}}, {\"added\": {\"name\": \"Photo\", \"object\": \"EventPhoto object (19)\"}}, {\"added\": {\"name\": \"Photo\", \"object\": \"EventPhoto object (20)\"}}]"}}, {"model": "admin.logentry", "pk": 128, "fields": {"action_time": "2021-02-19T00:23:51.734Z", "user": 1, "content_type": 7, "object_id": "1", "object_repr": "Believe. Act. Change. 2013", "action_flag": 2, "change_message": "[{\"added\": {\"name\": \"Video\", \"object\": \"EventVideo object (1)\"}}, {\"added\": {\"name\": \"Video\", \"object\": \"EventVideo object (2)\"}}, {\"added\": {\"name\": \"Video\", \"object\": \"EventVideo object (3)\"}}, {\"added\": {\"name\": \"Video\", \"object\": \"EventVideo object (4)\"}}, {\"added\": {\"name\": \"Video\", \"object\": \"EventVideo object (5)\"}}]"}}, {"model": "admin.logentry", "pk": 129, "fields": {"action_time": "2021-02-19T00:24:11.269Z", "user": 1, "content_type": 7, "object_id": "1", "object_repr": "Believe. Act. Change. 2013", "action_flag": 2, "change_message": "[{\"changed\": {\"fields\": [\"Published\"]}}]"}}, {"model": "admin.logentry", "pk": 130, "fields": {"action_time": "2021-02-19T00:26:43.584Z", "user": 1, "content_type": 7, "object_id": "2", "object_repr": "The Voyagers 2014", "action_flag": 1, "change_message": "[{\"added\": {}}, {\"added\": {\"name\": \"Photo\", \"object\": \"EventPhoto object (21)\"}}, {\"added\": {\"name\": \"Photo\", \"object\": \"EventPhoto object (22)\"}}, {\"added\": {\"name\": \"Photo\", \"object\": \"EventPhoto object (23)\"}}, {\"added\": {\"name\": \"Photo\", \"object\": \"EventPhoto object (24)\"}}, {\"added\": {\"name\": \"Photo\", \"object\": \"EventPhoto object (25)\"}}, {\"added\": {\"name\": \"Photo\", \"object\": \"EventPhoto object (26)\"}}, {\"added\": {\"name\": \"Photo\", \"object\": \"EventPhoto object (27)\"}}, {\"added\": {\"name\": \"Photo\", \"object\": \"EventPhoto object (28)\"}}, {\"added\": {\"name\": \"Photo\", \"object\": \"EventPhoto object (29)\"}}, {\"added\": {\"name\": \"Photo\", \"object\": \"EventPhoto object (30)\"}}, {\"added\": {\"name\": \"Photo\", \"object\": \"EventPhoto object (31)\"}}, {\"added\": {\"name\": \"Photo\", \"object\": \"EventPhoto object (32)\"}}, {\"added\": {\"name\": \"Photo\", \"object\": \"EventPhoto object (33)\"}}, {\"added\": {\"name\": \"Photo\", \"object\": \"EventPhoto object (34)\"}}, {\"added\": {\"name\": \"Photo\", \"object\": \"EventPhoto object (35)\"}}, {\"added\": {\"name\": \"Photo\", \"object\": \"EventPhoto object (36)\"}}, {\"added\": {\"name\": \"Photo\", \"object\": \"EventPhoto object (37)\"}}, {\"added\": {\"name\": \"Photo\", \"object\": \"EventPhoto object (38)\"}}, {\"added\": {\"name\": \"Photo\", \"object\": \"EventPhoto object (39)\"}}, {\"added\": {\"name\": \"Photo\", \"object\": \"EventPhoto object (40)\"}}]"}}, {"model": "admin.logentry", "pk": 131, "fields": {"action_time": "2021-02-19T00:28:07.157Z", "user": 1, "content_type": 7, "object_id": "2", "object_repr": "Time Voyagers 2014", "action_flag": 2, "change_message": "[{\"changed\": {\"fields\": [\"Name\"]}}, {\"added\": {\"name\": \"Video\", \"object\": \"EventVideo object (6)\"}}, {\"added\": {\"name\": \"Video\", \"object\": \"EventVideo object (7)\"}}]"}}, {"model": "admin.logentry", "pk": 132, "fields": {"action_time": "2021-02-19T00:31:09.595Z", "user": 1, "content_type": 7, "object_id": "3", "object_repr": "Taming Waves 2015", "action_flag": 1, "change_message": "[{\"added\": {}}, {\"added\": {\"name\": \"Photo\", \"object\": \"EventPhoto object (41)\"}}, {\"added\": {\"name\": \"Photo\", \"object\": \"EventPhoto object (42)\"}}, {\"added\": {\"name\": \"Photo\", \"object\": \"EventPhoto object (43)\"}}, {\"added\": {\"name\": \"Photo\", \"object\": \"EventPhoto object (44)\"}}, {\"added\": {\"name\": \"Photo\", \"object\": \"EventPhoto object (45)\"}}, {\"added\": {\"name\": \"Photo\", \"object\": \"EventPhoto object (46)\"}}, {\"added\": {\"name\": \"Photo\", \"object\": \"EventPhoto object (47)\"}}, {\"added\": {\"name\": \"Photo\", \"object\": \"EventPhoto object (48)\"}}, {\"added\": {\"name\": \"Photo\", \"object\": \"EventPhoto object (49)\"}}, {\"added\": {\"name\": \"Photo\", \"object\": \"EventPhoto object (50)\"}}, {\"added\": {\"name\": \"Photo\", \"object\": \"EventPhoto object (51)\"}}, {\"added\": {\"name\": \"Photo\", \"object\": \"EventPhoto object (52)\"}}, {\"added\": {\"name\": \"Photo\", \"object\": \"EventPhoto object (53)\"}}, {\"added\": {\"name\": \"Photo\", \"object\": \"EventPhoto object (54)\"}}, {\"added\": {\"name\": \"Photo\", \"object\": \"EventPhoto object (55)\"}}, {\"added\": {\"name\": \"Photo\", \"object\": \"EventPhoto object (56)\"}}, {\"added\": {\"name\": \"Photo\", \"object\": \"EventPhoto object (57)\"}}, {\"added\": {\"name\": \"Photo\", \"object\": \"EventPhoto object (58)\"}}, {\"added\": {\"name\": \"Photo\", \"object\": \"EventPhoto object (59)\"}}, {\"added\": {\"name\": \"Photo\", \"object\": \"EventPhoto object (60)\"}}, {\"added\": {\"name\": \"Video\", \"object\": \"EventVideo object (8)\"}}]"}}, {"model": "admin.logentry", "pk": 133, "fields": {"action_time": "2021-02-19T00:31:19.789Z", "user": 1, "content_type": 7, "object_id": "3", "object_repr": "Taming Waves 2015", "action_flag": 2, "change_message": "[{\"changed\": {\"fields\": [\"Published\"]}}]"}}, {"model": "admin.logentry", "pk": 134, "fields": {"action_time": "2021-02-19T00:34:03.947Z", "user": 1, "content_type": 7, "object_id": "4", "object_repr": "Spectrum 2016", "action_flag": 1, "change_message": "[{\"added\": {}}, {\"added\": {\"name\": \"Photo\", \"object\": \"EventPhoto object (61)\"}}, {\"added\": {\"name\": \"Photo\", \"object\": \"EventPhoto object (62)\"}}, {\"added\": {\"name\": \"Photo\", \"object\": \"EventPhoto object (63)\"}}, {\"added\": {\"name\": \"Photo\", \"object\": \"EventPhoto object (64)\"}}, {\"added\": {\"name\": \"Photo\", \"object\": \"EventPhoto object (65)\"}}, {\"added\": {\"name\": \"Photo\", \"object\": \"EventPhoto object (66)\"}}, {\"added\": {\"name\": \"Photo\", \"object\": \"EventPhoto object (67)\"}}, {\"added\": {\"name\": \"Photo\", \"object\": \"EventPhoto object (68)\"}}, {\"added\": {\"name\": \"Photo\", \"object\": \"EventPhoto object (69)\"}}, {\"added\": {\"name\": \"Photo\", \"object\": \"EventPhoto object (70)\"}}, {\"added\": {\"name\": \"Photo\", \"object\": \"EventPhoto object (71)\"}}, {\"added\": {\"name\": \"Photo\", \"object\": \"EventPhoto object (72)\"}}, {\"added\": {\"name\": \"Photo\", \"object\": \"EventPhoto object (73)\"}}, {\"added\": {\"name\": \"Photo\", \"object\": \"EventPhoto object (74)\"}}, {\"added\": {\"name\": \"Photo\", \"object\": \"EventPhoto object (75)\"}}, {\"added\": {\"name\": \"Photo\", \"object\": \"EventPhoto object (76)\"}}, {\"added\": {\"name\": \"Photo\", \"object\": \"EventPhoto object (77)\"}}, {\"added\": {\"name\": \"Photo\", \"object\": \"EventPhoto object (78)\"}}, {\"added\": {\"name\": \"Photo\", \"object\": \"EventPhoto object (79)\"}}, {\"added\": {\"name\": \"Photo\", \"object\": \"EventPhoto object (80)\"}}, {\"added\": {\"name\": \"Video\", \"object\": \"EventVideo object (9)\"}}, {\"added\": {\"name\": \"Video\", \"object\": \"EventVideo object (10)\"}}]"}}, {"model": "admin.logentry", "pk": 135, "fields": {"action_time": "2021-02-19T00:34:18.188Z", "user": 1, "content_type": 7, "object_id": "4", "object_repr": "Spectrum 2016", "action_flag": 2, "change_message": "[{\"changed\": {\"fields\": [\"Published\"]}}]"}}, {"model": "admin.logentry", "pk": 136, "fields": {"action_time": "2021-02-19T00:37:24.876Z", "user": 1, "content_type": 7, "object_id": "5", "object_repr": "Zero to Infinity 2017", "action_flag": 1, "change_message": "[{\"added\": {}}, {\"added\": {\"name\": \"Photo\", \"object\": \"EventPhoto object (81)\"}}, {\"added\": {\"name\": \"Photo\", \"object\": \"EventPhoto object (82)\"}}, {\"added\": {\"name\": \"Photo\", \"object\": \"EventPhoto object (83)\"}}, {\"added\": {\"name\": \"Photo\", \"object\": \"EventPhoto object (84)\"}}, {\"added\": {\"name\": \"Photo\", \"object\": \"EventPhoto object (85)\"}}, {\"added\": {\"name\": \"Photo\", \"object\": \"EventPhoto object (86)\"}}, {\"added\": {\"name\": \"Photo\", \"object\": \"EventPhoto object (87)\"}}, {\"added\": {\"name\": \"Photo\", \"object\": \"EventPhoto object (88)\"}}, {\"added\": {\"name\": \"Photo\", \"object\": \"EventPhoto object (89)\"}}, {\"added\": {\"name\": \"Photo\", \"object\": \"EventPhoto object (90)\"}}, {\"added\": {\"name\": \"Photo\", \"object\": \"EventPhoto object (91)\"}}, {\"added\": {\"name\": \"Photo\", \"object\": \"EventPhoto object (92)\"}}, {\"added\": {\"name\": \"Photo\", \"object\": \"EventPhoto object (93)\"}}, {\"added\": {\"name\": \"Photo\", \"object\": \"EventPhoto object (94)\"}}, {\"added\": {\"name\": \"Photo\", \"object\": \"EventPhoto object (95)\"}}, {\"added\": {\"name\": \"Photo\", \"object\": \"EventPhoto object (96)\"}}, {\"added\": {\"name\": \"Photo\", \"object\": \"EventPhoto object (97)\"}}, {\"added\": {\"name\": \"Photo\", \"object\": \"EventPhoto object (98)\"}}, {\"added\": {\"name\": \"Photo\", \"object\": \"EventPhoto object (99)\"}}, {\"added\": {\"name\": \"Photo\", \"object\": \"EventPhoto object (100)\"}}, {\"added\": {\"name\": \"Video\", \"object\": \"EventVideo object (11)\"}}, {\"added\": {\"name\": \"Video\", \"object\": \"EventVideo object (12)\"}}, {\"added\": {\"name\": \"Video\", \"object\": \"EventVideo object (13)\"}}, {\"added\": {\"name\": \"Video\", \"object\": \"EventVideo object (14)\"}}, {\"added\": {\"name\": \"Video\", \"object\": \"EventVideo object (15)\"}}]"}}, {"model": "admin.logentry", "pk": 137, "fields": {"action_time": "2021-02-19T00:37:29.849Z", "user": 1, "content_type": 7, "object_id": "5", "object_repr": "Zero to Infinity 2017", "action_flag": 2, "change_message": "[{\"changed\": {\"fields\": [\"Published\"]}}]"}}, {"model": "admin.logentry", "pk": 138, "fields": {"action_time": "2021-02-19T00:39:59.451Z", "user": 1, "content_type": 7, "object_id": "6", "object_repr": "Sonder 2018", "action_flag": 1, "change_message": "[{\"added\": {}}, {\"added\": {\"name\": \"Photo\", \"object\": \"EventPhoto object (101)\"}}, {\"added\": {\"name\": \"Photo\", \"object\": \"EventPhoto object (102)\"}}, {\"added\": {\"name\": \"Photo\", \"object\": \"EventPhoto object (103)\"}}, {\"added\": {\"name\": \"Photo\", \"object\": \"EventPhoto object (104)\"}}, {\"added\": {\"name\": \"Photo\", \"object\": \"EventPhoto object (105)\"}}, {\"added\": {\"name\": \"Photo\", \"object\": \"EventPhoto object (106)\"}}, {\"added\": {\"name\": \"Photo\", \"object\": \"EventPhoto object (107)\"}}, {\"added\": {\"name\": \"Photo\", \"object\": \"EventPhoto object (108)\"}}, {\"added\": {\"name\": \"Photo\", \"object\": \"EventPhoto object (109)\"}}, {\"added\": {\"name\": \"Photo\", \"object\": \"EventPhoto object (110)\"}}, {\"added\": {\"name\": \"Photo\", \"object\": \"EventPhoto object (111)\"}}, {\"added\": {\"name\": \"Photo\", \"object\": \"EventPhoto object (112)\"}}, {\"added\": {\"name\": \"Photo\", \"object\": \"EventPhoto object (113)\"}}, {\"added\": {\"name\": \"Photo\", \"object\": \"EventPhoto object (114)\"}}, {\"added\": {\"name\": \"Photo\", \"object\": \"EventPhoto object (115)\"}}, {\"added\": {\"name\": \"Photo\", \"object\": \"EventPhoto object (116)\"}}, {\"added\": {\"name\": \"Photo\", \"object\": \"EventPhoto object (117)\"}}, {\"added\": {\"name\": \"Photo\", \"object\": \"EventPhoto object (118)\"}}, {\"added\": {\"name\": \"Photo\", \"object\": \"EventPhoto object (119)\"}}, {\"added\": {\"name\": \"Photo\", \"object\": \"EventPhoto object (120)\"}}, {\"added\": {\"name\": \"Video\", \"object\": \"EventVideo object (16)\"}}]"}}, {"model": "admin.logentry", "pk": 139, "fields": {"action_time": "2021-02-19T00:40:07.140Z", "user": 1, "content_type": 7, "object_id": "6", "object_repr": "Sonder 2018", "action_flag": 2, "change_message": "[{\"changed\": {\"fields\": [\"Published\"]}}]"}}, {"model": "admin.logentry", "pk": 140, "fields": {"action_time": "2021-02-19T00:40:43.426Z", "user": 1, "content_type": 7, "object_id": "6", "object_repr": "Sonder 2018", "action_flag": 2, "change_message": "[{\"changed\": {\"name\": \"Photo\", \"object\": \"EventPhoto object (102)\", \"fields\": [\"URL\"]}}, {\"changed\": {\"name\": \"Photo\", \"object\": \"EventPhoto object (103)\", \"fields\": [\"URL\"]}}, {\"changed\": {\"name\": \"Photo\", \"object\": \"EventPhoto object (104)\", \"fields\": [\"URL\"]}}, {\"changed\": {\"name\": \"Photo\", \"object\": \"EventPhoto object (105)\", \"fields\": [\"URL\"]}}, {\"changed\": {\"name\": \"Photo\", \"object\": \"EventPhoto object (106)\", \"fields\": [\"URL\"]}}, {\"changed\": {\"name\": \"Photo\", \"object\": \"EventPhoto object (107)\", \"fields\": [\"URL\"]}}, {\"changed\": {\"name\": \"Photo\", \"object\": \"EventPhoto object (108)\", \"fields\": [\"URL\"]}}, {\"changed\": {\"name\": \"Photo\", \"object\": \"EventPhoto object (109)\", \"fields\": [\"URL\"]}}, {\"changed\": {\"name\": \"Photo\", \"object\": \"EventPhoto object (110)\", \"fields\": [\"URL\"]}}, {\"changed\": {\"name\": \"Photo\", \"object\": \"EventPhoto object (111)\", \"fields\": [\"URL\"]}}, {\"changed\": {\"name\": \"Photo\", \"object\": \"EventPhoto object (112)\", \"fields\": [\"URL\"]}}, {\"changed\": {\"name\": \"Photo\", \"object\": \"EventPhoto object (113)\", \"fields\": [\"URL\"]}}, {\"changed\": {\"name\": \"Photo\", \"object\": \"EventPhoto object (114)\", \"fields\": [\"URL\"]}}, {\"changed\": {\"name\": \"Photo\", \"object\": \"EventPhoto object (115)\", \"fields\": [\"URL\"]}}, {\"changed\": {\"name\": \"Photo\", \"object\": \"EventPhoto object (116)\", \"fields\": [\"URL\"]}}, {\"changed\": {\"name\": \"Photo\", \"object\": \"EventPhoto object (117)\", \"fields\": [\"URL\"]}}, {\"changed\": {\"name\": \"Photo\", \"object\": \"EventPhoto object (118)\", \"fields\": [\"URL\"]}}, {\"changed\": {\"name\": \"Photo\", \"object\": \"EventPhoto object (119)\", \"fields\": [\"URL\"]}}, {\"changed\": {\"name\": \"Photo\", \"object\": \"EventPhoto object (120)\", \"fields\": [\"URL\"]}}]"}}, {"model": "admin.logentry", "pk": 141, "fields": {"action_time": "2021-02-19T00:42:58.864Z", "user": 1, "content_type": 7, "object_id": "7", "object_repr": "Switch Perspective 2019", "action_flag": 1, "change_message": "[{\"added\": {}}, {\"added\": {\"name\": \"Photo\", \"object\": \"EventPhoto object (121)\"}}, {\"added\": {\"name\": \"Photo\", \"object\": \"EventPhoto object (122)\"}}, {\"added\": {\"name\": \"Photo\", \"object\": \"EventPhoto object (123)\"}}, {\"added\": {\"name\": \"Photo\", \"object\": \"EventPhoto object (124)\"}}, {\"added\": {\"name\": \"Photo\", \"object\": \"EventPhoto object (125)\"}}, {\"added\": {\"name\": \"Photo\", \"object\": \"EventPhoto object (126)\"}}, {\"added\": {\"name\": \"Photo\", \"object\": \"EventPhoto object (127)\"}}, {\"added\": {\"name\": \"Photo\", \"object\": \"EventPhoto object (128)\"}}, {\"added\": {\"name\": \"Photo\", \"object\": \"EventPhoto object (129)\"}}, {\"added\": {\"name\": \"Photo\", \"object\": \"EventPhoto object (130)\"}}, {\"added\": {\"name\": \"Photo\", \"object\": \"EventPhoto object (131)\"}}, {\"added\": {\"name\": \"Photo\", \"object\": \"EventPhoto object (132)\"}}, {\"added\": {\"name\": \"Photo\", \"object\": \"EventPhoto object (133)\"}}, {\"added\": {\"name\": \"Photo\", \"object\": \"EventPhoto object (134)\"}}, {\"added\": {\"name\": \"Photo\", \"object\": \"EventPhoto object (135)\"}}, {\"added\": {\"name\": \"Photo\", \"object\": \"EventPhoto object (136)\"}}, {\"added\": {\"name\": \"Photo\", \"object\": \"EventPhoto object (137)\"}}, {\"added\": {\"name\": \"Photo\", \"object\": \"EventPhoto object (138)\"}}, {\"added\": {\"name\": \"Photo\", \"object\": \"EventPhoto object (139)\"}}, {\"added\": {\"name\": \"Photo\", \"object\": \"EventPhoto object (140)\"}}, {\"added\": {\"name\": \"Video\", \"object\": \"EventVideo object (17)\"}}, {\"added\": {\"name\": \"Video\", \"object\": \"EventVideo object (18)\"}}]"}}, {"model": "admin.logentry", "pk": 142, "fields": {"action_time": "2021-02-19T00:45:23.459Z", "user": 1, "content_type": 7, "object_id": "8", "object_repr": "Momentum 2020", "action_flag": 1, "change_message": "[{\"added\": {}}, {\"added\": {\"name\": \"Photo\", \"object\": \"EventPhoto object (141)\"}}, {\"added\": {\"name\": \"Photo\", \"object\": \"EventPhoto object (142)\"}}, {\"added\": {\"name\": \"Photo\", \"object\": \"EventPhoto object (143)\"}}, {\"added\": {\"name\": \"Photo\", \"object\": \"EventPhoto object (144)\"}}, {\"added\": {\"name\": \"Photo\", \"object\": \"EventPhoto object (145)\"}}, {\"added\": {\"name\": \"Photo\", \"object\": \"EventPhoto object (146)\"}}, {\"added\": {\"name\": \"Photo\", \"object\": \"EventPhoto object (147)\"}}, {\"added\": {\"name\": \"Photo\", \"object\": \"EventPhoto object (148)\"}}, {\"added\": {\"name\": \"Photo\", \"object\": \"EventPhoto object (149)\"}}, {\"added\": {\"name\": \"Photo\", \"object\": \"EventPhoto object (150)\"}}, {\"added\": {\"name\": \"Photo\", \"object\": \"EventPhoto object (151)\"}}, {\"added\": {\"name\": \"Photo\", \"object\": \"EventPhoto object (152)\"}}, {\"added\": {\"name\": \"Photo\", \"object\": \"EventPhoto object (153)\"}}, {\"added\": {\"name\": \"Photo\", \"object\": \"EventPhoto object (154)\"}}, {\"added\": {\"name\": \"Photo\", \"object\": \"EventPhoto object (155)\"}}, {\"added\": {\"name\": \"Photo\", \"object\": \"EventPhoto object (156)\"}}, {\"added\": {\"name\": \"Photo\", \"object\": \"EventPhoto object (157)\"}}, {\"added\": {\"name\": \"Photo\", \"object\": \"EventPhoto object (158)\"}}, {\"added\": {\"name\": \"Photo\", \"object\": \"EventPhoto object (159)\"}}, {\"added\": {\"name\": \"Photo\", \"object\": \"EventPhoto object (160)\"}}, {\"added\": {\"name\": \"Video\", \"object\": \"EventVideo object (19)\"}}, {\"added\": {\"name\": \"Video\", \"object\": \"EventVideo object (20)\"}}]"}}, {"model": "admin.logentry", "pk": 143, "fields": {"action_time": "2021-02-19T00:46:07.502Z", "user": 1, "content_type": 7, "object_id": "8", "object_repr": "Momentum 2020", "action_flag": 2, "change_message": "[{\"changed\": {\"fields\": [\"Published\"]}}]"}}, {"model": "admin.logentry", "pk": 144, "fields": {"action_time": "2021-02-19T00:46:18.975Z", "user": 1, "content_type": 7, "object_id": "9", "object_repr": "Pre-Event 2021 pre-2021", "action_flag": 1, "change_message": "[{\"added\": {}}]"}}, {"model": "admin.logentry", "pk": 145, "fields": {"action_time": "2021-02-19T00:46:55.505Z", "user": 1, "content_type": 7, "object_id": "10", "object_repr": "Silver Lining 2021", "action_flag": 1, "change_message": "[{\"added\": {}}]"}}, {"model": "admin.logentry", "pk": 146, "fields": {"action_time": "2021-02-19T00:47:32.673Z", "user": 1, "content_type": 7, "object_id": "9", "object_repr": "Pre-Event 2021 pre-2021", "action_flag": 2, "change_message": "[{\"changed\": {\"fields\": [\"Published\"]}}]"}}, {"model": "admin.logentry", "pk": 147, "fields": {"action_time": "2021-02-19T00:48:01.694Z", "user": 1, "content_type": 7, "object_id": "9", "object_repr": "Pre-Event 2021 pre-2021", "action_flag": 2, "change_message": "[{\"changed\": {\"fields\": [\"Published\"]}}]"}}, {"model": "admin.logentry", "pk": 148, "fields": {"action_time": "2021-02-19T00:49:18.686Z", "user": 1, "content_type": 7, "object_id": "9", "object_repr": "Pre-Event 2021 pre-2021", "action_flag": 2, "change_message": "[{\"added\": {\"name\": \"Participant\", \"object\": \"\\u039a\\u03c9\\u03bd\\u03c3\\u03c4\\u03b1\\u03bd\\u03c4\\u03af\\u03bd\\u03bf\\u03bf\\u03c2 \\u039c\\u03c0\\u03bf\\u03cd\\u03c1\\u03b1\\u03c2-\\u039c\\u03c0\\u03b1\\u03ca\\u03bc\\u03ac\\u03ba\\u03bf\\u03c2\"}}]"}}, {"model": "admin.logentry", "pk": 149, "fields": {"action_time": "2021-02-19T00:49:27.489Z", "user": 1, "content_type": 7, "object_id": "9", "object_repr": "Pre-Event 2021 pre-2021", "action_flag": 2, "change_message": "[{\"changed\": {\"name\": \"Participant\", \"object\": \"\\u039a\\u03c9\\u03bd\\u03c3\\u03c4\\u03b1\\u03bd\\u03c4\\u03af\\u03bd\\u03bf\\u03c2 \\u039c\\u03c0\\u03bf\\u03cd\\u03c1\\u03b1\\u03c2-\\u039c\\u03c0\\u03b1\\u03ca\\u03bc\\u03ac\\u03ba\\u03bf\\u03c2\", \"fields\": [\"Name\"]}}]"}}, {"model": "admin.logentry", "pk": 150, "fields": {"action_time": "2021-02-19T00:49:32.073Z", "user": 1, "content_type": 7, "object_id": "9", "object_repr": "Pre-Event 2021 pre-2021", "action_flag": 2, "change_message": "[{\"changed\": {\"fields\": [\"Published\"]}}]"}}, {"model": "admin.logentry", "pk": 151, "fields": {"action_time": "2021-02-19T00:49:49.902Z", "user": 1, "content_type": 7, "object_id": "9", "object_repr": "Pre-Event 2021 pre-2021", "action_flag": 2, "change_message": "[{\"deleted\": {\"name\": \"Participant\", \"object\": \"\\u039a\\u03c9\\u03bd\\u03c3\\u03c4\\u03b1\\u03bd\\u03c4\\u03af\\u03bd\\u03bf\\u03c2 \\u039c\\u03c0\\u03bf\\u03cd\\u03c1\\u03b1\\u03c2-\\u039c\\u03c0\\u03b1\\u03ca\\u03bc\\u03ac\\u03ba\\u03bf\\u03c2\"}}]"}}, {"model": "admin.logentry", "pk": 152, "fields": {"action_time": "2021-02-19T00:49:53.880Z", "user": 1, "content_type": 7, "object_id": "9", "object_repr": "Pre-Event 2021 pre-2021", "action_flag": 2, "change_message": "[]"}}, {"model": "admin.logentry", "pk": 153, "fields": {"action_time": "2021-02-19T00:51:20.196Z", "user": 1, "content_type": 7, "object_id": "9", "object_repr": "Pre-Event 2021 pre-2021", "action_flag": 2, "change_message": "[{\"changed\": {\"fields\": [\"Published\"]}}]"}}, {"model": "admin.logentry", "pk": 154, "fields": {"action_time": "2021-02-19T01:11:18.756Z", "user": 1, "content_type": 8, "object_id": "13", "object_repr": "Test", "action_flag": 1, "change_message": "[{\"added\": {}}]"}}, {"model": "admin.logentry", "pk": 155, "fields": {"action_time": "2021-02-19T01:15:07.750Z", "user": 1, "content_type": 8, "object_id": "13", "object_repr": "Test", "action_flag": 2, "change_message": "[{\"changed\": {\"fields\": [\"Image\"]}}]"}}, {"model": "admin.logentry", "pk": 156, "fields": {"action_time": "2021-02-19T01:35:25.111Z", "user": 1, "content_type": 8, "object_id": "13", "object_repr": "Test", "action_flag": 3, "change_message": ""}}, {"model": "admin.logentry", "pk": 157, "fields": {"action_time": "2021-02-19T01:37:08.602Z", "user": 1, "content_type": 12, "object_id": "22", "object_repr": "Άννα Νούκου", "action_flag": 2, "change_message": "[{\"changed\": {\"fields\": [\"Photo URL\"]}}]"}}, {"model": "admin.logentry", "pk": 158, "fields": {"action_time": "2021-02-19T01:37:35.315Z", "user": 1, "content_type": 12, "object_id": "12", "object_repr": "Αρετή Πάντου", "action_flag": 2, "change_message": "[{\"changed\": {\"fields\": [\"Photo URL\"]}}]"}}, {"model": "admin.logentry", "pk": 159, "fields": {"action_time": "2021-02-19T01:37:42.020Z", "user": 1, "content_type": 12, "object_id": "17", "object_repr": "Αφροδίτη Πουχτού", "action_flag": 2, "change_message": "[{\"changed\": {\"fields\": [\"Photo URL\"]}}]"}}, {"model": "admin.logentry", "pk": 160, "fields": {"action_time": "2021-02-19T01:37:55.172Z", "user": 1, "content_type": 12, "object_id": "11", "object_repr": "Βασίλης Κακαριάρης", "action_flag": 2, "change_message": "[{\"changed\": {\"fields\": [\"Photo URL\"]}}]"}}, {"model": "admin.logentry", "pk": 161, "fields": {"action_time": "2021-02-19T01:38:08.505Z", "user": 1, "content_type": 12, "object_id": "4", "object_repr": "Γεωργία Τσαμάλη", "action_flag": 2, "change_message": "[{\"changed\": {\"fields\": [\"Photo URL\"]}}]"}}, {"model": "admin.logentry", "pk": 162, "fields": {"action_time": "2021-02-19T01:43:53.018Z", "user": 1, "content_type": 12, "object_id": "22", "object_repr": "Άννα Νούκου", "action_flag": 2, "change_message": "[{\"changed\": {\"fields\": [\"Photo URL\"]}}]"}}, {"model": "admin.logentry", "pk": 163, "fields": {"action_time": "2021-02-19T01:44:12.548Z", "user": 1, "content_type": 12, "object_id": "22", "object_repr": "Άννα Νούκου", "action_flag": 2, "change_message": "[{\"changed\": {\"fields\": [\"Photo URL\"]}}]"}}, {"model": "admin.logentry", "pk": 164, "fields": {"action_time": "2021-02-19T01:44:21.746Z", "user": 1, "content_type": 12, "object_id": "12", "object_repr": "Αρετή Πάντου", "action_flag": 2, "change_message": "[{\"changed\": {\"fields\": [\"Photo URL\"]}}]"}}, {"model": "admin.logentry", "pk": 165, "fields": {"action_time": "2021-02-19T01:44:28.576Z", "user": 1, "content_type": 12, "object_id": "17", "object_repr": "Αφροδίτη Πουχτού", "action_flag": 2, "change_message": "[{\"changed\": {\"fields\": [\"Photo URL\"]}}]"}}, {"model": "admin.logentry", "pk": 166, "fields": {"action_time": "2021-02-19T01:44:36.980Z", "user": 1, "content_type": 12, "object_id": "11", "object_repr": "Βασίλης Κακαριάρης", "action_flag": 2, "change_message": "[{\"changed\": {\"fields\": [\"Photo URL\"]}}]"}}, {"model": "admin.logentry", "pk": 167, "fields": {"action_time": "2021-02-19T01:44:55.505Z", "user": 1, "content_type": 12, "object_id": "4", "object_repr": "Γεωργία Τσαμάλη", "action_flag": 2, "change_message": "[{\"changed\": {\"fields\": [\"Photo URL\"]}}]"}}, {"model": "admin.logentry", "pk": 168, "fields": {"action_time": "2021-02-19T01:45:07.709Z", "user": 1, "content_type": 12, "object_id": "24", "object_repr": "Γιάννης Μακρής", "action_flag": 2, "change_message": "[{\"changed\": {\"fields\": [\"Photo URL\"]}}]"}}, {"model": "admin.logentry", "pk": 169, "fields": {"action_time": "2021-02-19T01:45:14.059Z", "user": 1, "content_type": 12, "object_id": "23", "object_repr": "Δημήτρης Αμουργιανός", "action_flag": 2, "change_message": "[{\"changed\": {\"fields\": [\"Photo URL\"]}}]"}}, {"model": "admin.logentry", "pk": 170, "fields": {"action_time": "2021-02-19T01:45:25.768Z", "user": 1, "content_type": 12, "object_id": "5", "object_repr": "Ειρήνη Παυλίδου", "action_flag": 2, "change_message": "[{\"changed\": {\"fields\": [\"Photo URL\"]}}]"}}, {"model": "admin.logentry", "pk": 171, "fields": {"action_time": "2021-02-19T01:45:32.604Z", "user": 1, "content_type": 12, "object_id": "13", "object_repr": "Ελένη Αναστασίου", "action_flag": 2, "change_message": "[{\"changed\": {\"fields\": [\"Photo URL\"]}}]"}}, {"model": "admin.logentry", "pk": 172, "fields": {"action_time": "2021-02-19T01:45:38.146Z", "user": 1, "content_type": 12, "object_id": "6", "object_repr": "Εύα Φρέντζου", "action_flag": 2, "change_message": "[{\"changed\": {\"fields\": [\"Photo URL\"]}}]"}}, {"model": "admin.logentry", "pk": 173, "fields": {"action_time": "2021-02-19T01:45:43.696Z", "user": 1, "content_type": 12, "object_id": "18", "object_repr": "Ηλιάνα Ζαρκάδα", "action_flag": 2, "change_message": "[{\"changed\": {\"fields\": [\"Photo URL\"]}}]"}}, {"model": "admin.logentry", "pk": 174, "fields": {"action_time": "2021-02-19T01:45:50.560Z", "user": 1, "content_type": 12, "object_id": "21", "object_repr": "Θάνος Παραβάντης", "action_flag": 2, "change_message": "[{\"changed\": {\"fields\": [\"Photo URL\"]}}]"}}, {"model": "admin.logentry", "pk": 175, "fields": {"action_time": "2021-02-19T01:46:07.210Z", "user": 1, "content_type": 12, "object_id": "3", "object_repr": "Κατερίνα Χρονοπούλου", "action_flag": 2, "change_message": "[{\"changed\": {\"fields\": [\"Photo URL\"]}}]"}}, {"model": "admin.logentry", "pk": 176, "fields": {"action_time": "2021-02-19T01:46:14.168Z", "user": 1, "content_type": 12, "object_id": "9", "object_repr": "Κωνσταντίνα Τσουκαλά", "action_flag": 2, "change_message": "[{\"changed\": {\"fields\": [\"Photo URL\"]}}]"}}, {"model": "admin.logentry", "pk": 177, "fields": {"action_time": "2021-02-19T01:46:21.770Z", "user": 1, "content_type": 12, "object_id": "14", "object_repr": "Λυδία Τουρή", "action_flag": 2, "change_message": "[{\"changed\": {\"fields\": [\"Photo URL\"]}}]"}}, {"model": "admin.logentry", "pk": 178, "fields": {"action_time": "2021-02-19T01:46:29.562Z", "user": 1, "content_type": 12, "object_id": "1", "object_repr": "Μάρκος Τσόγκας", "action_flag": 2, "change_message": "[{\"changed\": {\"fields\": [\"Photo URL\"]}}]"}}, {"model": "admin.logentry", "pk": 179, "fields": {"action_time": "2021-02-19T01:46:36.447Z", "user": 1, "content_type": 12, "object_id": "19", "object_repr": "Μαργαρίτα Μαρούτσου", "action_flag": 2, "change_message": "[{\"changed\": {\"fields\": [\"Photo URL\"]}}]"}}, {"model": "admin.logentry", "pk": 180, "fields": {"action_time": "2021-02-19T01:46:43.322Z", "user": 1, "content_type": 12, "object_id": "7", "object_repr": "Μαριάννα Βαλσάμη", "action_flag": 2, "change_message": "[{\"changed\": {\"fields\": [\"Photo URL\"]}}]"}}, {"model": "admin.logentry", "pk": 181, "fields": {"action_time": "2021-02-19T01:46:49.914Z", "user": 1, "content_type": 12, "object_id": "2", "object_repr": "Νίκος Θεολόγου", "action_flag": 2, "change_message": "[{\"changed\": {\"fields\": [\"Photo URL\"]}}]"}}, {"model": "admin.logentry", "pk": 182, "fields": {"action_time": "2021-02-19T01:46:56.535Z", "user": 1, "content_type": 12, "object_id": "8", "object_repr": "Πάρις Παπανικολάου", "action_flag": 2, "change_message": "[{\"changed\": {\"fields\": [\"Photo URL\"]}}]"}}, {"model": "admin.logentry", "pk": 183, "fields": {"action_time": "2021-02-19T01:47:04.328Z", "user": 1, "content_type": 12, "object_id": "15", "object_repr": "Πέτρος Τσαχουρίδης", "action_flag": 2, "change_message": "[{\"changed\": {\"fields\": [\"Photo URL\"]}}]"}}, {"model": "admin.logentry", "pk": 184, "fields": {"action_time": "2021-02-19T01:47:11.002Z", "user": 1, "content_type": 12, "object_id": "10", "object_repr": "Παναγιώτης Χρυσοχού", "action_flag": 2, "change_message": "[{\"changed\": {\"fields\": [\"Photo URL\"]}}]"}}, {"model": "admin.logentry", "pk": 185, "fields": {"action_time": "2021-02-19T01:47:17.681Z", "user": 1, "content_type": 12, "object_id": "20", "object_repr": "Σωκράτης Παπαγεωργίου", "action_flag": 2, "change_message": "[{\"changed\": {\"fields\": [\"Photo URL\"]}}]"}}, {"model": "admin.logentry", "pk": 186, "fields": {"action_time": "2021-02-19T01:47:25.632Z", "user": 1, "content_type": 12, "object_id": "16", "object_repr": "Χριστίνα Δρυ", "action_flag": 2, "change_message": "[{\"changed\": {\"fields\": [\"Photo URL\"]}}]"}}, {"model": "admin.logentry", "pk": 187, "fields": {"action_time": "2021-02-19T01:57:46.722Z", "user": 1, "content_type": 8, "object_id": "1", "object_repr": "Aegean", "action_flag": 2, "change_message": "[{\"changed\": {\"fields\": [\"Logo URL\"]}}]"}}, {"model": "admin.logentry", "pk": 188, "fields": {"action_time": "2021-02-19T01:57:54.783Z", "user": 1, "content_type": 8, "object_id": "8", "object_repr": "Coca-Cola Τρία Έψιλον", "action_flag": 2, "change_message": "[{\"changed\": {\"fields\": [\"Logo URL\"]}}]"}}, {"model": "admin.logentry", "pk": 189, "fields": {"action_time": "2021-02-19T01:57:59.706Z", "user": 1, "content_type": 8, "object_id": "4", "object_repr": "Dingo", "action_flag": 2, "change_message": "[{\"changed\": {\"fields\": [\"Logo URL\"]}}]"}}, {"model": "admin.logentry", "pk": 190, "fields": {"action_time": "2021-02-19T01:58:12.921Z", "user": 1, "content_type": 8, "object_id": "12", "object_repr": "Fresh Line", "action_flag": 2, "change_message": "[{\"changed\": {\"fields\": [\"Logo URL\"]}}]"}}, {"model": "admin.logentry", "pk": 191, "fields": {"action_time": "2021-02-19T01:58:18.163Z", "user": 1, "content_type": 8, "object_id": "6", "object_repr": "Global Prep", "action_flag": 2, "change_message": "[{\"changed\": {\"fields\": [\"Logo URL\"]}}]"}}, {"model": "admin.logentry", "pk": 192, "fields": {"action_time": "2021-02-19T01:58:23.549Z", "user": 1, "content_type": 8, "object_id": "5", "object_repr": "Oracle", "action_flag": 2, "change_message": "[{\"changed\": {\"fields\": [\"Logo URL\"]}}]"}}, {"model": "admin.logentry", "pk": 193, "fields": {"action_time": "2021-02-19T01:58:29.350Z", "user": 1, "content_type": 8, "object_id": "11", "object_repr": "Sarantis", "action_flag": 2, "change_message": "[{\"changed\": {\"fields\": [\"Logo URL\"]}}]"}}, {"model": "admin.logentry", "pk": 194, "fields": {"action_time": "2021-02-19T01:58:35.536Z", "user": 1, "content_type": 8, "object_id": "9", "object_repr": "Starbucks", "action_flag": 2, "change_message": "[{\"changed\": {\"fields\": [\"Logo URL\"]}}]"}}, {"model": "admin.logentry", "pk": 195, "fields": {"action_time": "2021-02-19T01:58:41.397Z", "user": 1, "content_type": 8, "object_id": "10", "object_repr": "The Cube", "action_flag": 2, "change_message": "[{\"changed\": {\"fields\": [\"Logo URL\"]}}]"}}, {"model": "admin.logentry", "pk": 196, "fields": {"action_time": "2021-02-19T01:58:46.938Z", "user": 1, "content_type": 8, "object_id": "7", "object_repr": "Βενέτη", "action_flag": 2, "change_message": "[{\"changed\": {\"fields\": [\"Logo URL\"]}}]"}}, {"model": "admin.logentry", "pk": 197, "fields": {"action_time": "2021-02-19T01:58:53.342Z", "user": 1, "content_type": 8, "object_id": "2", "object_repr": "Εθνική Τράπεζα", "action_flag": 2, "change_message": "[{\"changed\": {\"fields\": [\"Logo URL\"]}}]"}}, {"model": "admin.logentry", "pk": 198, "fields": {"action_time": "2021-02-19T01:59:03.244Z", "user": 1, "content_type": 8, "object_id": "3", "object_repr": "Ευρωπαϊκή Πίστη", "action_flag": 2, "change_message": "[{\"changed\": {\"fields\": [\"Logo URL\"]}}]"}}, {"model": "auth.permission", "pk": 1, "fields": {"name": "Can add log entry", "content_type": 1, "codename": "add_logentry"}}, {"model": "auth.permission", "pk": 2, "fields": {"name": "Can change log entry", "content_type": 1, "codename": "change_logentry"}}, {"model": "auth.permission", "pk": 3, "fields": {"name": "Can delete log entry", "content_type": 1, "codename": "delete_logentry"}}, {"model": "auth.permission", "pk": 4, "fields": {"name": "Can view log entry", "content_type": 1, "codename": "view_logentry"}}, {"model": "auth.permission", "pk": 5, "fields": {"name": "Can add permission", "content_type": 2, "codename": "add_permission"}}, {"model": "auth.permission", "pk": 6, "fields": {"name": "Can change permission", "content_type": 2, "codename": "change_permission"}}, {"model": "auth.permission", "pk": 7, "fields": {"name": "Can delete permission", "content_type": 2, "codename": "delete_permission"}}, {"model": "auth.permission", "pk": 8, "fields": {"name": "Can view permission", "content_type": 2, "codename": "view_permission"}}, {"model": "auth.permission", "pk": 9, "fields": {"name": "Can add group", "content_type": 3, "codename": "add_group"}}, {"model": "auth.permission", "pk": 10, "fields": {"name": "Can change group", "content_type": 3, "codename": "change_group"}}, {"model": "auth.permission", "pk": 11, "fields": {"name": "Can delete group", "content_type": 3, "codename": "delete_group"}}, {"model": "auth.permission", "pk": 12, "fields": {"name": "Can view group", "content_type": 3, "codename": "view_group"}}, {"model": "auth.permission", "pk": 13, "fields": {"name": "Can add user", "content_type": 4, "codename": "add_user"}}, {"model": "auth.permission", "pk": 14, "fields": {"name": "Can change user", "content_type": 4, "codename": "change_user"}}, {"model": "auth.permission", "pk": 15, "fields": {"name": "Can delete user", "content_type": 4, "codename": "delete_user"}}, {"model": "auth.permission", "pk": 16, "fields": {"name": "Can view user", "content_type": 4, "codename": "view_user"}}, {"model": "auth.permission", "pk": 17, "fields": {"name": "Can add content type", "content_type": 5, "codename": "add_contenttype"}}, {"model": "auth.permission", "pk": 18, "fields": {"name": "Can change content type", "content_type": 5, "codename": "change_contenttype"}}, {"model": "auth.permission", "pk": 19, "fields": {"name": "Can delete content type", "content_type": 5, "codename": "delete_contenttype"}}, {"model": "auth.permission", "pk": 20, "fields": {"name": "Can view content type", "content_type": 5, "codename": "view_contenttype"}}, {"model": "auth.permission", "pk": 21, "fields": {"name": "Can add session", "content_type": 6, "codename": "add_session"}}, {"model": "auth.permission", "pk": 22, "fields": {"name": "Can change session", "content_type": 6, "codename": "change_session"}}, {"model": "auth.permission", "pk": 23, "fields": {"name": "Can delete session", "content_type": 6, "codename": "delete_session"}}, {"model": "auth.permission", "pk": 24, "fields": {"name": "Can view session", "content_type": 6, "codename": "view_session"}}, {"model": "auth.permission", "pk": 25, "fields": {"name": "Can add Event", "content_type": 7, "codename": "add_event"}}, {"model": "auth.permission", "pk": 26, "fields": {"name": "Can change Event", "content_type": 7, "codename": "change_event"}}, {"model": "auth.permission", "pk": 27, "fields": {"name": "Can delete Event", "content_type": 7, "codename": "delete_event"}}, {"model": "auth.permission", "pk": 28, "fields": {"name": "Can view Event", "content_type": 7, "codename": "view_event"}}, {"model": "auth.permission", "pk": 29, "fields": {"name": "Can add Partner", "content_type": 8, "codename": "add_partner"}}, {"model": "auth.permission", "pk": 30, "fields": {"name": "Can change Partner", "content_type": 8, "codename": "change_partner"}}, {"model": "auth.permission", "pk": 31, "fields": {"name": "Can delete Partner", "content_type": 8, "codename": "delete_partner"}}, {"model": "auth.permission", "pk": 32, "fields": {"name": "Can view Partner", "content_type": 8, "codename": "view_partner"}}, {"model": "auth.permission", "pk": 33, "fields": {"name": "Can add Social", "content_type": 9, "codename": "add_social"}}, {"model": "auth.permission", "pk": 34, "fields": {"name": "Can change Social", "content_type": 9, "codename": "change_social"}}, {"model": "auth.permission", "pk": 35, "fields": {"name": "Can delete Social", "content_type": 9, "codename": "delete_social"}}, {"model": "auth.permission", "pk": 36, "fields": {"name": "Can view Social", "content_type": 9, "codename": "view_social"}}, {"model": "auth.permission", "pk": 37, "fields": {"name": "Can add Team", "content_type": 10, "codename": "add_team"}}, {"model": "auth.permission", "pk": 38, "fields": {"name": "Can change Team", "content_type": 10, "codename": "change_team"}}, {"model": "auth.permission", "pk": 39, "fields": {"name": "Can delete Team", "content_type": 10, "codename": "delete_team"}}, {"model": "auth.permission", "pk": 40, "fields": {"name": "Can view Team", "content_type": 10, "codename": "view_team"}}, {"model": "auth.permission", "pk": 41, "fields": {"name": "Can add Role", "content_type": 11, "codename": "add_role"}}, {"model": "auth.permission", "pk": 42, "fields": {"name": "Can change Role", "content_type": 11, "codename": "change_role"}}, {"model": "auth.permission", "pk": 43, "fields": {"name": "Can delete Role", "content_type": 11, "codename": "delete_role"}}, {"model": "auth.permission", "pk": 44, "fields": {"name": "Can view Role", "content_type": 11, "codename": "view_role"}}, {"model": "auth.permission", "pk": 45, "fields": {"name": "Can add Member", "content_type": 12, "codename": "add_member"}}, {"model": "auth.permission", "pk": 46, "fields": {"name": "Can change Member", "content_type": 12, "codename": "change_member"}}, {"model": "auth.permission", "pk": 47, "fields": {"name": "Can delete Member", "content_type": 12, "codename": "delete_member"}}, {"model": "auth.permission", "pk": 48, "fields": {"name": "Can view Member", "content_type": 12, "codename": "view_member"}}, {"model": "auth.permission", "pk": 49, "fields": {"name": "Can add Workshop", "content_type": 13, "codename": "add_eventworkshop"}}, {"model": "auth.permission", "pk": 50, "fields": {"name": "Can change Workshop", "content_type": 13, "codename": "change_eventworkshop"}}, {"model": "auth.permission", "pk": 51, "fields": {"name": "Can delete Workshop", "content_type": 13, "codename": "delete_eventworkshop"}}, {"model": "auth.permission", "pk": 52, "fields": {"name": "Can view Workshop", "content_type": 13, "codename": "view_eventworkshop"}}, {"model": "auth.permission", "pk": 53, "fields": {"name": "Can add Video", "content_type": 14, "codename": "add_eventvideo"}}, {"model": "auth.permission", "pk": 54, "fields": {"name": "Can change Video", "content_type": 14, "codename": "change_eventvideo"}}, {"model": "auth.permission", "pk": 55, "fields": {"name": "Can delete Video", "content_type": 14, "codename": "delete_eventvideo"}}, {"model": "auth.permission", "pk": 56, "fields": {"name": "Can view Video", "content_type": 14, "codename": "view_eventvideo"}}, {"model": "auth.permission", "pk": 57, "fields": {"name": "Can add Photo", "content_type": 15, "codename": "add_eventphoto"}}, {"model": "auth.permission", "pk": 58, "fields": {"name": "Can change Photo", "content_type": 15, "codename": "change_eventphoto"}}, {"model": "auth.permission", "pk": 59, "fields": {"name": "Can delete Photo", "content_type": 15, "codename": "delete_eventphoto"}}, {"model": "auth.permission", "pk": 60, "fields": {"name": "Can view Photo", "content_type": 15, "codename": "view_eventphoto"}}, {"model": "auth.permission", "pk": 61, "fields": {"name": "Can add Participant", "content_type": 16, "codename": "add_eventparticipant"}}, {"model": "auth.permission", "pk": 62, "fields": {"name": "Can change Participant", "content_type": 16, "codename": "change_eventparticipant"}}, {"model": "auth.permission", "pk": 63, "fields": {"name": "Can delete Participant", "content_type": 16, "codename": "delete_eventparticipant"}}, {"model": "auth.permission", "pk": 64, "fields": {"name": "Can view Participant", "content_type": 16, "codename": "view_eventparticipant"}}, {"model": "auth.user", "pk": 1, "fields": {"password": "pbkdf2_sha256$216000$FDxVwmC0mGpo$A2/ZS7HRVtCd9CSFFfslrMo0iRsqZ1qT0Mo+DWazSsI=", "last_login": "2021-02-18T22:23:50.310Z", "is_superuser": true, "username": "thanos", "first_name": "Thanos", "last_name": "Paravantis", "email": "thanosparavantis@gmail.com", "is_staff": true, "is_active": true, "date_joined": "2021-02-18T15:22:00Z", "groups": [], "user_permissions": []}}, {"model": "auth.user", "pk": 2, "fields": {"password": "pbkdf2_sha256$216000$Bq5u50ZOleBZ$hzKN8zDP2v5BvbN4X78hoPAbtX+XEpEeOD5UPtTpxbE=", "last_login": null, "is_superuser": true, "username": "anna", "first_name": "Anna", "last_name": "Noukou", "email": "anna.noukou@gmail.com", "is_staff": true, "is_active": true, "date_joined": "2021-02-18T15:22:24Z", "groups": [], "user_permissions": []}}, {"model": "auth.user", "pk": 3, "fields": {"password": "pbkdf2_sha256$216000$Vqh7yf7Zcajm$2rXs5BeOOtlfhgSNcqJSfbcv+8Q/FMC9ZWwW6HrbVRA=", "last_login": null, "is_superuser": true, "username": "dimitris", "first_name": "Dimitris", "last_name": "Amourgianos", "email": "amoyrgianos@windowslive.com", "is_staff": true, "is_active": true, "date_joined": "2021-02-18T15:22:32Z", "groups": [], "user_permissions": []}}, {"model": "auth.user", "pk": 4, "fields": {"password": "pbkdf2_sha256$216000$MtKHwzo3G4n8$YN+K6fBHrGRApMqc3zILj3YL4/mbjhq3gADYhocXX6w=", "last_login": null, "is_superuser": true, "username": "nikos", "first_name": "Nikos", "last_name": "Theologou", "email": "theologou5@gmail.com", "is_staff": true, "is_active": true, "date_joined": "2021-02-18T22:08:04Z", "groups": [], "user_permissions": []}}, {"model": "contenttypes.contenttype", "pk": 1, "fields": {"app_label": "admin", "model": "logentry"}}, {"model": "contenttypes.contenttype", "pk": 2, "fields": {"app_label": "auth", "model": "permission"}}, {"model": "contenttypes.contenttype", "pk": 3, "fields": {"app_label": "auth", "model": "group"}}, {"model": "contenttypes.contenttype", "pk": 4, "fields": {"app_label": "auth", "model": "user"}}, {"model": "contenttypes.contenttype", "pk": 5, "fields": {"app_label": "contenttypes", "model": "contenttype"}}, {"model": "contenttypes.contenttype", "pk": 6, "fields": {"app_label": "sessions", "model": "session"}}, {"model": "contenttypes.contenttype", "pk": 7, "fields": {"app_label": "main_site", "model": "event"}}, {"model": "contenttypes.contenttype", "pk": 8, "fields": {"app_label": "main_site", "model": "partner"}}, {"model": "contenttypes.contenttype", "pk": 9, "fields": {"app_label": "main_site", "model": "social"}}, {"model": "contenttypes.contenttype", "pk": 10, "fields": {"app_label": "main_site", "model": "team"}}, {"model": "contenttypes.contenttype", "pk": 11, "fields": {"app_label": "main_site", "model": "role"}}, {"model": "contenttypes.contenttype", "pk": 12, "fields": {"app_label": "main_site", "model": "member"}}, {"model": "contenttypes.contenttype", "pk": 13, "fields": {"app_label": "main_site", "model": "eventworkshop"}}, {"model": "contenttypes.contenttype", "pk": 14, "fields": {"app_label": "main_site", "model": "eventvideo"}}, {"model": "contenttypes.contenttype", "pk": 15, "fields": {"app_label": "main_site", "model": "eventphoto"}}, {"model": "contenttypes.contenttype", "pk": 16, "fields": {"app_label": "main_site", "model": "eventparticipant"}}, {"model": "sessions.session", "pk": "3am0huntt9oq3bs9f6omkx56av3g33yo", "fields": {"session_data": ".eJxVjMEOwiAQBf-FsyEQoIBH734DWWBXqgaS0p4a_12a9KDXmXlvZwG2tYSt4xLmzK5Msssvi5BeWA-Rn1AfjadW12WO_Ej4aTu_t4zv29n-HRToZaytsaSlMB5cVJNX4JBSGgRFsmS8IInkiYQcXVQuanQWnIMolJeTZp8v3MI3tg:1lCriA:t8t45wBZMUhqlbs1f5r2NMp5muJDRy5BUXZTP4ewTu8", "expire_date": "2021-03-04T22:23:50.318Z"}}, {"model": "sessions.session", "pk": "acbkb4d2tk7hi9398c5v5vkyjl0mflbz", "fields": {"session_data": ".eJxVjMEOwiAQBf-FsyEQoIBH734DWWBXqgaS0p4a_12a9KDXmXlvZwG2tYSt4xLmzK5Msssvi5BeWA-Rn1AfjadW12WO_Ej4aTu_t4zv29n-HRToZaytsaSlMB5cVJNX4JBSGgRFsmS8IInkiYQcXVQuanQWnIMolJeTZp8v3MI3tg:1lCrSW:24rlNRkPhoJn8qa34MrUpCZAH9N3-gz1DrS1gYh6yCc", "expire_date": "2021-03-04T22:07:40.432Z"}}, {"model": "sessions.session", "pk": "k3zgoyr4g0arffhxeoch9b5m01kix9bc", "fields": {"session_data": ".eJxVjMEOwiAQBf-FsyEQoIBH734DWWBXqgaS0p4a_12a9KDXmXlvZwG2tYSt4xLmzK5Msssvi5BeWA-Rn1AfjadW12WO_Ej4aTu_t4zv29n-HRToZaytsaSlMB5cVJNX4JBSGgRFsmS8IInkiYQcXVQuanQWnIMolJeTZp8v3MI3tg:1lCl81:axPTKfrc8CAVmK46yuA-aO7R0H7G9fld8WsYOZ6q3RY", "expire_date": "2021-03-04T15:22:05.812Z"}}, {"model": "main_site.social", "pk": 1, "fields": {"name": "Facebook", "url": "https://www.facebook.com/TEDxUniversityofPiraeus/", "logo": null, "created_at": "2021-02-19T00:10:51Z"}}, {"model": "main_site.social", "pk": 2, "fields": {"name": "YouTube", "url": "https://www.youtube.com/channel/UCe-Ek8O9ewzYKakhbCglxNw", "logo": null, "created_at": "2021-02-19T00:11:00Z"}}, {"model": "main_site.social", "pk": 3, "fields": {"name": "Instagram", "url": "https://www.instagram.com/tedxuniversityofpiraeus/", "logo": null, "created_at": "2021-02-19T00:11:13Z"}}, {"model": "main_site.social", "pk": 4, "fields": {"name": "Twitter", "url": "https://twitter.com/tedxunipi", "logo": null, "created_at": "2021-02-19T00:11:29Z"}}, {"model": "main_site.social", "pk": 5, "fields": {"name": "LinkedIn", "url": "https://www.linkedin.com/company/tedxuniversityofpiraeus/", "logo": null, "created_at": "2021-02-19T00:11:36Z"}}, {"model": "main_site.social", "pk": 6, "fields": {"name": "Flickr", "url": "https://www.flickr.com/photos/tedxuniversityofpiraeus/", "logo": null, "created_at": "2021-02-19T00:11:41Z"}}, {"model": "main_site.team", "pk": 1, "fields": {"name": "Experience Team", "created_at": "2021-02-18T22:55:23Z"}}, {"model": "main_site.team", "pk": 2, "fields": {"name": "Production Team", "created_at": "2021-02-18T22:55:32Z"}}, {"model": "main_site.team", "pk": 3, "fields": {"name": "Partnerships Team", "created_at": "2021-02-18T22:55:40Z"}}, {"model": "main_site.team", "pk": 4, "fields": {"name": "Communications Team", "created_at": "2021-02-18T22:55:44Z"}}, {"model": "main_site.team", "pk": 5, "fields": {"name": "IT Team", "created_at": "2021-02-18T22:55:50Z"}}, {"model": "main_site.team", "pk": 6, "fields": {"name": "Finance Team", "created_at": "2021-02-18T22:55:56Z"}}, {"model": "main_site.role", "pk": 1, "fields": {"name": "Curator", "team": null, "created_at": "2021-02-18T22:56:18Z"}}, {"model": "main_site.role", "pk": 2, "fields": {"name": "Project Manager", "team": null, "created_at": "2021-02-18T22:56:32Z"}}, {"model": "main_site.role", "pk": 3, "fields": {"name": "Experience Manager", "team": 1, "created_at": "2021-02-18T22:59:33Z"}}, {"model": "main_site.role", "pk": 4, "fields": {"name": "Experience Coordinator", "team": 1, "created_at": "2021-02-18T22:59:43Z"}}, {"model": "main_site.role", "pk": 5, "fields": {"name": "Production Manager", "team": 2, "created_at": "2021-02-18T22:59:52Z"}}, {"model": "main_site.role", "pk": 6, "fields": {"name": "Stage and Technology Coordinator", "team": 2, "created_at": "2021-02-18T23:00:00Z"}}, {"model": "main_site.role", "pk": 7, "fields": {"name": "Partnerships Manager", "team": 3, "created_at": "2021-02-18T23:00:04Z"}}, {"model": "main_site.role", "pk": 8, "fields": {"name": "Partnerships Coordinator", "team": 3, "created_at": "2021-02-18T23:00:12Z"}}, {"model": "main_site.role", "pk": 9, "fields": {"name": "Communications Manager", "team": 4, "created_at": "2021-02-18T23:00:16Z"}}, {"model": "main_site.role", "pk": 10, "fields": {"name": "Social Media Coordinator", "team": 4, "created_at": "2021-02-18T23:00:24Z"}}, {"model": "main_site.role", "pk": 11, "fields": {"name": "Translator Coordinator", "team": 4, "created_at": "2021-02-18T23:00:28Z"}}, {"model": "main_site.role", "pk": 12, "fields": {"name": "Press Coordinator", "team": 4, "created_at": "2021-02-18T23:00:32Z"}}, {"model": "main_site.role", "pk": 13, "fields": {"name": "Graphic Designer Coordinator", "team": 4, "created_at": "2021-02-18T23:00:39Z"}}, {"model": "main_site.role", "pk": 14, "fields": {"name": "IT Manager", "team": 5, "created_at": "2021-02-18T23:00:43Z"}}, {"model": "main_site.role", "pk": 15, "fields": {"name": "Web Developer Coordinator", "team": 5, "created_at": "2021-02-18T23:00:48Z"}}, {"model": "main_site.role", "pk": 16, "fields": {"name": "Finance and Quality Manager", "team": 6, "created_at": "2021-02-18T23:00:51Z"}}, {"model": "main_site.partner", "pk": 1, "fields": {"name": "Aegean", "type": null, "logo_url": "aegean.png", "brand_url": "https://el.aegeanair.com/", "created_at": "2021-02-18T23:46:10Z"}}, {"model": "main_site.partner", "pk": 2, "fields": {"name": "Εθνική Τράπεζα", "type": null, "logo_url": "nbg.png", "brand_url": "https://www.nbg.gr/", "created_at": "2021-02-18T23:46:31Z"}}, {"model": "main_site.partner", "pk": 3, "fields": {"name": "Ευρωπαϊκή Πίστη", "type": null, "logo_url": "europaiki_pisti.png", "brand_url": "https://www.europaikipisti.gr/el", "created_at": "2021-02-18T23:47:04Z"}}, {"model": "main_site.partner", "pk": 4, "fields": {"name": "Dingo", "type": null, "logo_url": "dingo.png", "brand_url": "https://dingo.gr/", "created_at": "2021-02-18T23:48:02Z"}}, {"model": "main_site.partner", "pk": 5, "fields": {"name": "Oracle", "type": null, "logo_url": "oracle.png", "brand_url": "https://academy.oracle.com/en/oa-web-overview.html", "created_at": "2021-02-18T23:48:46Z"}}, {"model": "main_site.partner", "pk": 6, "fields": {"name": "Global Prep", "type": null, "logo_url": "global.png", "brand_url": "https://globalprep.gr/", "created_at": "2021-02-18T23:49:20Z"}}, {"model": "main_site.partner", "pk": 7, "fields": {"name": "Βενέτη", "type": null, "logo_url": "veneti.png", "brand_url": "https://fournosveneti.gr/en/home/", "created_at": "2021-02-18T23:49:55Z"}}, {"model": "main_site.partner", "pk": 8, "fields": {"name": "Coca-Cola Τρία Έψιλον", "type": null, "logo_url": "3e.png", "brand_url": "https://gr.coca-colahellenic.com/", "created_at": "2021-02-18T23:50:53Z"}}, {"model": "main_site.partner", "pk": 9, "fields": {"name": "Starbucks", "type": null, "logo_url": "starbucks.png", "brand_url": "https://www.starbucks.com.gr/", "created_at": "2021-02-18T23:52:06Z"}}, {"model": "main_site.partner", "pk": 10, "fields": {"name": "The Cube", "type": null, "logo_url": "the_cube.jpg", "brand_url": "https://thecube.gr/", "created_at": "2021-02-18T23:53:17Z"}}, {"model": "main_site.partner", "pk": 11, "fields": {"name": "Sarantis", "type": null, "logo_url": "sarantis.png", "brand_url": "https://greece.sarantis.gr/en/", "created_at": "2021-02-18T23:54:14Z"}}, {"model": "main_site.partner", "pk": 12, "fields": {"name": "Fresh Line", "type": null, "logo_url": "cosmetics.png", "brand_url": "https://www.freshline.gr/el/", "created_at": "2021-02-18T23:54:56Z"}}, {"model": "main_site.member", "pk": 1, "fields": {"name": "Μάρκος Τσόγκας", "email": "mtsogas@unipi.gr", "description": "Supervising Professor", "photo_url": "markos_tsogkas.jpg", "team": null, "role": 1, "created_at": "2021-02-18T23:06:06.902Z"}}, {"model": "main_site.member", "pk": 2, "fields": {"name": "Νίκος Θεολόγου", "email": "theologou5@gmail.com", "description": null, "photo_url": "nikos_theologou.jpg", "team": null, "role": 2, "created_at": "2021-02-18T23:06:59.892Z"}}, {"model": "main_site.member", "pk": 3, "fields": {"name": "Κατερίνα Χρονοπούλου", "email": "chronkaterina@gmail.com", "description": null, "photo_url": "katerina_chronopoulou.jpg", "team": 1, "role": 3, "created_at": "2021-02-18T23:07:40.860Z"}}, {"model": "main_site.member", "pk": 4, "fields": {"name": "Γεωργία Τσαμάλη", "email": "georgia@tsamalis.gr", "description": null, "photo_url": "georgia_tsamali.jpg", "team": 1, "role": 4, "created_at": "2021-02-18T23:09:06.948Z"}}, {"model": "main_site.member", "pk": 5, "fields": {"name": "Ειρήνη Παυλίδου", "email": "eirinipavlidou01@hotmail.com", "description": null, "photo_url": "eirini_pavlidou.jpg", "team": 1, "role": 4, "created_at": "2021-02-18T23:09:36.126Z"}}, {"model": "main_site.member", "pk": 6, "fields": {"name": "Εύα Φρέντζου", "email": "eva.frentzou@gmail.com", "description": null, "photo_url": "eva_frentzou.jpg", "team": 1, "role": 4, "created_at": "2021-02-18T23:10:06.200Z"}}, {"model": "main_site.member", "pk": 7, "fields": {"name": "Μαριάννα Βαλσάμη", "email": "marianna.valsamis@gmail.com", "description": null, "photo_url": "marianna_valsami.jpg", "team": 1, "role": 4, "created_at": "2021-02-18T23:10:27.656Z"}}, {"model": "main_site.member", "pk": 8, "fields": {"name": "Πάρις Παπανικολάου", "email": "paris.p1995@gmail.com", "description": null, "photo_url": "paris_papanikolaou.jpg", "team": 2, "role": 5, "created_at": "2021-02-18T23:11:15.099Z"}}, {"model": "main_site.member", "pk": 9, "fields": {"name": "Κωνσταντίνα Τσουκαλά", "email": "tsoukalastathaki@hotmail.com", "description": null, "photo_url": "konstantina_tsoukala.jpg", "team": 2, "role": 6, "created_at": "2021-02-18T23:11:43.735Z"}}, {"model": "main_site.member", "pk": 10, "fields": {"name": "Παναγιώτης Χρυσοχού", "email": "giotis26@gmail.com", "description": null, "photo_url": "panagiotis_chrisoxou.jpg", "team": 2, "role": 6, "created_at": "2021-02-18T23:12:13.954Z"}}, {"model": "main_site.member", "pk": 11, "fields": {"name": "Βασίλης Κακαριάρης", "email": "vas.kakariaris@gmail.com", "description": null, "photo_url": "vasilis_kakariaris.jpg", "team": 3, "role": 7, "created_at": "2021-02-18T23:12:53.203Z"}}, {"model": "main_site.member", "pk": 12, "fields": {"name": "Αρετή Πάντου", "email": "aretipantou@gmail.com", "description": null, "photo_url": "areti_pantou.jpg", "team": 3, "role": 8, "created_at": "2021-02-18T23:13:10.928Z"}}, {"model": "main_site.member", "pk": 13, "fields": {"name": "Ελένη Αναστασίου", "email": "elenianast99@gmail.com", "description": null, "photo_url": "eleni_anastasiou.jpg", "team": 3, "role": 8, "created_at": "2021-02-18T23:13:29.208Z"}}, {"model": "main_site.member", "pk": 14, "fields": {"name": "Λυδία Τουρή", "email": "lydia.touri@gmail.com", "description": null, "photo_url": "lydia_touri.jpg", "team": 3, "role": 8, "created_at": "2021-02-18T23:13:45.190Z"}}, {"model": "main_site.member", "pk": 15, "fields": {"name": "Πέτρος Τσαχουρίδης", "email": "petrostsahouridis@gmail.com", "description": null, "photo_url": "petros_tsachouridis.jpg", "team": 3, "role": 8, "created_at": "2021-02-18T23:14:09.033Z"}}, {"model": "main_site.member", "pk": 16, "fields": {"name": "Χριστίνα Δρυ", "email": "christinadry999@gmail.com", "description": null, "photo_url": "christina_dry.jpg", "team": 4, "role": 9, "created_at": "2021-02-18T23:14:47.901Z"}}, {"model": "main_site.member", "pk": 17, "fields": {"name": "Αφροδίτη Πουχτού", "email": "aphroditepht@gmail.com", "description": null, "photo_url": "afroditi_pouchtou.jpg", "team": 4, "role": 10, "created_at": "2021-02-18T23:15:11.985Z"}}, {"model": "main_site.member", "pk": 18, "fields": {"name": "Ηλιάνα Ζαρκάδα", "email": "hlianazark@gmail.com", "description": null, "photo_url": "iliana_zarkada.jpg", "team": 4, "role": 11, "created_at": "2021-02-18T23:15:32.059Z"}}, {"model": "main_site.member", "pk": 19, "fields": {"name": "Μαργαρίτα Μαρούτσου", "email": "marmarout1@gmail.com", "description": null, "photo_url": "margarita_maroutsou.jpg", "team": 4, "role": 12, "created_at": "2021-02-18T23:15:53.858Z"}}, {"model": "main_site.member", "pk": 20, "fields": {"name": "Σωκράτης Παπαγεωργίου", "email": "papageorgiousok@gmail.com", "description": null, "photo_url": "sokratis_papageorgiou.jpg", "team": 4, "role": 13, "created_at": "2021-02-18T23:16:38.943Z"}}, {"model": "main_site.member", "pk": 21, "fields": {"name": "Θάνος Παραβάντης", "email": "thanosparavantis@gmail.com", "description": null, "photo_url": "thanos_paravantis.jpg", "team": 5, "role": 14, "created_at": "2021-02-18T23:16:57.358Z"}}, {"model": "main_site.member", "pk": 22, "fields": {"name": "Άννα Νούκου", "email": "anna.noukou@gmail.com", "description": null, "photo_url": "anna_noukou.jpg", "team": 5, "role": 15, "created_at": "2021-02-18T23:17:25.287Z"}}, {"model": "main_site.member", "pk": 23, "fields": {"name": "Δημήτρης Αμουργιανός", "email": "amoyrgianos@windowslive.com", "description": null, "photo_url": "dimitris_amourgianos.jpg", "team": 5, "role": 15, "created_at": "2021-02-18T23:17:51.985Z"}}, {"model": "main_site.member", "pk": 24, "fields": {"name": "Γιάννης Μακρής", "email": "giannismakris21@hotmail.com", "description": null, "photo_url": "giannis_makris.jpg", "team": 6, "role": 16, "created_at": "2021-02-18T23:18:11.206Z"}}, {"model": "main_site.event", "pk": 1, "fields": {"name": "Believe. Act. Change.", "slug": "2013", "air_date": "2013-04-20", "published": true, "location": "University of Piraeus Orange Theater", "banner_url": "https://www.tedxuniversityofpiraeus.com/media/event/2013/banner.png", "description": "", "created_at": "2021-02-19T00:18:38Z"}}, {"model": "main_site.event", "pk": 2, "fields": {"name": "Time Voyagers", "slug": "2014", "air_date": "2014-04-26", "published": true, "location": "Municipal Theater of Piraeus", "banner_url": "https://www.tedxuniversityofpiraeus.com/media/event/2014/banner.png", "description": "", "created_at": "2021-02-19T00:24:36Z"}}, {"model": "main_site.event", "pk": 3, "fields": {"name": "Taming Waves", "slug": "2015", "air_date": "2015-05-09", "published": true, "location": "Piraeus Port Authority", "banner_url": "https://www.tedxuniversityofpiraeus.com/media/event/2015/banner.png", "description": "", "created_at": "2021-02-19T00:28:16Z"}}, {"model": "main_site.event", "pk": 4, "fields": {"name": "Spectrum", "slug": "2016", "air_date": "2016-05-14", "published": true, "location": "SS Hellas Liberty", "banner_url": "https://www.tedxuniversityofpiraeus.com/media/event/2016/banner.png", "description": "", "created_at": "2021-02-19T00:31:26Z"}}, {"model": "main_site.event", "pk": 5, "fields": {"name": "Zero to Infinity", "slug": "2017", "air_date": "2017-05-28", "published": true, "location": "Michael Cacoyannis Foundation", "banner_url": "https://www.tedxuniversityofpiraeus.com/media/event/2017/banner.png", "description": "", "created_at": "2021-02-19T00:34:25Z"}}, {"model": "main_site.event", "pk": 6, "fields": {"name": "Sonder", "slug": "2018", "air_date": "2018-05-28", "published": true, "location": "Michael Cacoyannis Foundation", "banner_url": "https://www.tedxuniversityofpiraeus.com/media/event/2018/banner.png", "description": "", "created_at": "2021-02-19T00:37:38Z"}}, {"model": "main_site.event", "pk": 7, "fields": {"name": "Switch Perspective", "slug": "2019", "air_date": "2019-05-18", "published": true, "location": "Michael Cacoyannis Foundation", "banner_url": "https://www.tedxuniversityofpiraeus.com/media/event/2019/banner.png", "description": "", "created_at": "2021-02-19T00:40:45Z"}}, {"model": "main_site.event", "pk": 8, "fields": {"name": "Momentum", "slug": "2020", "air_date": "2020-05-09", "published": true, "location": "Livestream", "banner_url": "https://www.tedxuniversityofpiraeus.com/media/event/2020/banner.png", "description": "", "created_at": "2021-02-19T00:43:01Z"}}, {"model": "main_site.event", "pk": 9, "fields": {"name": "Pre-Event 2021", "slug": "pre-2021", "air_date": "2021-03-06", "published": false, "location": "Livestream", "banner_url": "https://www.tedxuniversityofpiraeus.com/media/event/2021/banner.png", "description": "", "created_at": "2021-02-19T00:45:26Z"}}, {"model": "main_site.event", "pk": 10, "fields": {"name": "Silver Lining", "slug": "2021", "air_date": "2021-05-15", "published": false, "location": "Livestream", "banner_url": "https://www.tedxuniversityofpiraeus.com/media/event/2021/banner.png", "description": "", "created_at": "2021-02-19T00:46:21Z"}}, {"model": "main_site.eventphoto", "pk": 1, "fields": {"event": 1, "url": "https://www.tedxuniversityofpiraeus.com/media/event/2013/photo_01.png", "created_at": "2021-02-19T00:18:38Z"}}, {"model": "main_site.eventphoto", "pk": 2, "fields": {"event": 1, "url": "https://www.tedxuniversityofpiraeus.com/media/event/2013/photo_02.png", "created_at": "2021-02-19T00:18:38Z"}}, {"model": "main_site.eventphoto", "pk": 3, "fields": {"event": 1, "url": "https://www.tedxuniversityofpiraeus.com/media/event/2013/photo_03.png", "created_at": "2021-02-19T00:18:38Z"}}, {"model": "main_site.eventphoto", "pk": 4, "fields": {"event": 1, "url": "https://www.tedxuniversityofpiraeus.com/media/event/2013/photo_04.png", "created_at": "2021-02-19T00:18:38Z"}}, {"model": "main_site.eventphoto", "pk": 5, "fields": {"event": 1, "url": "https://www.tedxuniversityofpiraeus.com/media/event/2013/photo_05.png", "created_at": "2021-02-19T00:18:38Z"}}, {"model": "main_site.eventphoto", "pk": 6, "fields": {"event": 1, "url": "https://www.tedxuniversityofpiraeus.com/media/event/2013/photo_06.png", "created_at": "2021-02-19T00:18:38Z"}}, {"model": "main_site.eventphoto", "pk": 7, "fields": {"event": 1, "url": "https://www.tedxuniversityofpiraeus.com/media/event/2013/photo_07.png", "created_at": "2021-02-19T00:18:38Z"}}, {"model": "main_site.eventphoto", "pk": 8, "fields": {"event": 1, "url": "https://www.tedxuniversityofpiraeus.com/media/event/2013/photo_08.png", "created_at": "2021-02-19T00:18:38Z"}}, {"model": "main_site.eventphoto", "pk": 9, "fields": {"event": 1, "url": "https://www.tedxuniversityofpiraeus.com/media/event/2013/photo_09.png", "created_at": "2021-02-19T00:18:38Z"}}, {"model": "main_site.eventphoto", "pk": 10, "fields": {"event": 1, "url": "https://www.tedxuniversityofpiraeus.com/media/event/2013/photo_10.png", "created_at": "2021-02-19T00:18:38Z"}}, {"model": "main_site.eventphoto", "pk": 11, "fields": {"event": 1, "url": "https://www.tedxuniversityofpiraeus.com/media/event/2013/photo_11.png", "created_at": "2021-02-19T00:18:38Z"}}, {"model": "main_site.eventphoto", "pk": 12, "fields": {"event": 1, "url": "https://www.tedxuniversityofpiraeus.com/media/event/2013/photo_12.png", "created_at": "2021-02-19T00:18:38Z"}}, {"model": "main_site.eventphoto", "pk": 13, "fields": {"event": 1, "url": "https://www.tedxuniversityofpiraeus.com/media/event/2013/photo_13.png", "created_at": "2021-02-19T00:18:38Z"}}, {"model": "main_site.eventphoto", "pk": 14, "fields": {"event": 1, "url": "https://www.tedxuniversityofpiraeus.com/media/event/2013/photo_14.png", "created_at": "2021-02-19T00:18:38Z"}}, {"model": "main_site.eventphoto", "pk": 15, "fields": {"event": 1, "url": "https://www.tedxuniversityofpiraeus.com/media/event/2013/photo_15.png", "created_at": "2021-02-19T00:18:38Z"}}, {"model": "main_site.eventphoto", "pk": 16, "fields": {"event": 1, "url": "https://www.tedxuniversityofpiraeus.com/media/event/2013/photo_16.png", "created_at": "2021-02-19T00:18:38Z"}}, {"model": "main_site.eventphoto", "pk": 17, "fields": {"event": 1, "url": "https://www.tedxuniversityofpiraeus.com/media/event/2013/photo_17.png", "created_at": "2021-02-19T00:18:38Z"}}, {"model": "main_site.eventphoto", "pk": 18, "fields": {"event": 1, "url": "https://www.tedxuniversityofpiraeus.com/media/event/2013/photo_18.png", "created_at": "2021-02-19T00:18:38Z"}}, {"model": "main_site.eventphoto", "pk": 19, "fields": {"event": 1, "url": "https://www.tedxuniversityofpiraeus.com/media/event/2013/photo_19.png", "created_at": "2021-02-19T00:18:38Z"}}, {"model": "main_site.eventphoto", "pk": 20, "fields": {"event": 1, "url": "https://www.tedxuniversityofpiraeus.com/media/event/2013/photo_20.png", "created_at": "2021-02-19T00:18:38Z"}}, {"model": "main_site.eventphoto", "pk": 21, "fields": {"event": 2, "url": "https://www.tedxuniversityofpiraeus.com/media/event/2014/photo_01.png", "created_at": "2021-02-19T00:24:36Z"}}, {"model": "main_site.eventphoto", "pk": 22, "fields": {"event": 2, "url": "https://www.tedxuniversityofpiraeus.com/media/event/2014/photo_02.png", "created_at": "2021-02-19T00:24:36Z"}}, {"model": "main_site.eventphoto", "pk": 23, "fields": {"event": 2, "url": "https://www.tedxuniversityofpiraeus.com/media/event/2014/photo_03.png", "created_at": "2021-02-19T00:24:36Z"}}, {"model": "main_site.eventphoto", "pk": 24, "fields": {"event": 2, "url": "https://www.tedxuniversityofpiraeus.com/media/event/2014/photo_04.png", "created_at": "2021-02-19T00:24:36Z"}}, {"model": "main_site.eventphoto", "pk": 25, "fields": {"event": 2, "url": "https://www.tedxuniversityofpiraeus.com/media/event/2014/photo_05.png", "created_at": "2021-02-19T00:24:36Z"}}, {"model": "main_site.eventphoto", "pk": 26, "fields": {"event": 2, "url": "https://www.tedxuniversityofpiraeus.com/media/event/2014/photo_06.png", "created_at": "2021-02-19T00:24:36Z"}}, {"model": "main_site.eventphoto", "pk": 27, "fields": {"event": 2, "url": "https://www.tedxuniversityofpiraeus.com/media/event/2014/photo_07.png", "created_at": "2021-02-19T00:24:36Z"}}, {"model": "main_site.eventphoto", "pk": 28, "fields": {"event": 2, "url": "https://www.tedxuniversityofpiraeus.com/media/event/2014/photo_08.png", "created_at": "2021-02-19T00:24:36Z"}}, {"model": "main_site.eventphoto", "pk": 29, "fields": {"event": 2, "url": "https://www.tedxuniversityofpiraeus.com/media/event/2014/photo_09.png", "created_at": "2021-02-19T00:24:36Z"}}, {"model": "main_site.eventphoto", "pk": 30, "fields": {"event": 2, "url": "https://www.tedxuniversityofpiraeus.com/media/event/2014/photo_10.png", "created_at": "2021-02-19T00:24:36Z"}}, {"model": "main_site.eventphoto", "pk": 31, "fields": {"event": 2, "url": "https://www.tedxuniversityofpiraeus.com/media/event/2014/photo_11.png", "created_at": "2021-02-19T00:24:36Z"}}, {"model": "main_site.eventphoto", "pk": 32, "fields": {"event": 2, "url": "https://www.tedxuniversityofpiraeus.com/media/event/2014/photo_12.png", "created_at": "2021-02-19T00:24:36Z"}}, {"model": "main_site.eventphoto", "pk": 33, "fields": {"event": 2, "url": "https://www.tedxuniversityofpiraeus.com/media/event/2014/photo_13.png", "created_at": "2021-02-19T00:24:36Z"}}, {"model": "main_site.eventphoto", "pk": 34, "fields": {"event": 2, "url": "https://www.tedxuniversityofpiraeus.com/media/event/2014/photo_14.png", "created_at": "2021-02-19T00:24:36Z"}}, {"model": "main_site.eventphoto", "pk": 35, "fields": {"event": 2, "url": "https://www.tedxuniversityofpiraeus.com/media/event/2014/photo_15.png", "created_at": "2021-02-19T00:24:36Z"}}, {"model": "main_site.eventphoto", "pk": 36, "fields": {"event": 2, "url": "https://www.tedxuniversityofpiraeus.com/media/event/2014/photo_16.png", "created_at": "2021-02-19T00:24:36Z"}}, {"model": "main_site.eventphoto", "pk": 37, "fields": {"event": 2, "url": "https://www.tedxuniversityofpiraeus.com/media/event/2014/photo_17.png", "created_at": "2021-02-19T00:24:36Z"}}, {"model": "main_site.eventphoto", "pk": 38, "fields": {"event": 2, "url": "https://www.tedxuniversityofpiraeus.com/media/event/2014/photo_18.png", "created_at": "2021-02-19T00:24:36Z"}}, {"model": "main_site.eventphoto", "pk": 39, "fields": {"event": 2, "url": "https://www.tedxuniversityofpiraeus.com/media/event/2014/photo_19.png", "created_at": "2021-02-19T00:24:36Z"}}, {"model": "main_site.eventphoto", "pk": 40, "fields": {"event": 2, "url": "https://www.tedxuniversityofpiraeus.com/media/event/2014/photo_20.png", "created_at": "2021-02-19T00:24:36Z"}}, {"model": "main_site.eventphoto", "pk": 41, "fields": {"event": 3, "url": "https://www.tedxuniversityofpiraeus.com/media/event/2015/photo_01.png", "created_at": "2021-02-19T00:28:16Z"}}, {"model": "main_site.eventphoto", "pk": 42, "fields": {"event": 3, "url": "https://www.tedxuniversityofpiraeus.com/media/event/2015/photo_02.png", "created_at": "2021-02-19T00:28:16Z"}}, {"model": "main_site.eventphoto", "pk": 43, "fields": {"event": 3, "url": "https://www.tedxuniversityofpiraeus.com/media/event/2015/photo_03.png", "created_at": "2021-02-19T00:28:16Z"}}, {"model": "main_site.eventphoto", "pk": 44, "fields": {"event": 3, "url": "https://www.tedxuniversityofpiraeus.com/media/event/2015/photo_04.png", "created_at": "2021-02-19T00:28:16Z"}}, {"model": "main_site.eventphoto", "pk": 45, "fields": {"event": 3, "url": "https://www.tedxuniversityofpiraeus.com/media/event/2015/photo_05.png", "created_at": "2021-02-19T00:28:16Z"}}, {"model": "main_site.eventphoto", "pk": 46, "fields": {"event": 3, "url": "https://www.tedxuniversityofpiraeus.com/media/event/2015/photo_06.png", "created_at": "2021-02-19T00:28:16Z"}}, {"model": "main_site.eventphoto", "pk": 47, "fields": {"event": 3, "url": "https://www.tedxuniversityofpiraeus.com/media/event/2015/photo_07.png", "created_at": "2021-02-19T00:28:16Z"}}, {"model": "main_site.eventphoto", "pk": 48, "fields": {"event": 3, "url": "https://www.tedxuniversityofpiraeus.com/media/event/2015/photo_08.png", "created_at": "2021-02-19T00:28:16Z"}}, {"model": "main_site.eventphoto", "pk": 49, "fields": {"event": 3, "url": "https://www.tedxuniversityofpiraeus.com/media/event/2015/photo_09.png", "created_at": "2021-02-19T00:28:16Z"}}, {"model": "main_site.eventphoto", "pk": 50, "fields": {"event": 3, "url": "https://www.tedxuniversityofpiraeus.com/media/event/2015/photo_10.png", "created_at": "2021-02-19T00:28:16Z"}}, {"model": "main_site.eventphoto", "pk": 51, "fields": {"event": 3, "url": "https://www.tedxuniversityofpiraeus.com/media/event/2015/photo_11.png", "created_at": "2021-02-19T00:28:16Z"}}, {"model": "main_site.eventphoto", "pk": 52, "fields": {"event": 3, "url": "https://www.tedxuniversityofpiraeus.com/media/event/2015/photo_12.png", "created_at": "2021-02-19T00:28:16Z"}}, {"model": "main_site.eventphoto", "pk": 53, "fields": {"event": 3, "url": "https://www.tedxuniversityofpiraeus.com/media/event/2015/photo_13.png", "created_at": "2021-02-19T00:28:16Z"}}, {"model": "main_site.eventphoto", "pk": 54, "fields": {"event": 3, "url": "https://www.tedxuniversityofpiraeus.com/media/event/2015/photo_14.png", "created_at": "2021-02-19T00:28:16Z"}}, {"model": "main_site.eventphoto", "pk": 55, "fields": {"event": 3, "url": "https://www.tedxuniversityofpiraeus.com/media/event/2015/photo_15.png", "created_at": "2021-02-19T00:28:16Z"}}, {"model": "main_site.eventphoto", "pk": 56, "fields": {"event": 3, "url": "https://www.tedxuniversityofpiraeus.com/media/event/2015/photo_16.png", "created_at": "2021-02-19T00:28:16Z"}}, {"model": "main_site.eventphoto", "pk": 57, "fields": {"event": 3, "url": "https://www.tedxuniversityofpiraeus.com/media/event/2015/photo_17.png", "created_at": "2021-02-19T00:28:16Z"}}, {"model": "main_site.eventphoto", "pk": 58, "fields": {"event": 3, "url": "https://www.tedxuniversityofpiraeus.com/media/event/2015/photo_18.png", "created_at": "2021-02-19T00:28:16Z"}}, {"model": "main_site.eventphoto", "pk": 59, "fields": {"event": 3, "url": "https://www.tedxuniversityofpiraeus.com/media/event/2015/photo_19.png", "created_at": "2021-02-19T00:28:16Z"}}, {"model": "main_site.eventphoto", "pk": 60, "fields": {"event": 3, "url": "https://www.tedxuniversityofpiraeus.com/media/event/2015/photo_20.png", "created_at": "2021-02-19T00:28:16Z"}}, {"model": "main_site.eventphoto", "pk": 61, "fields": {"event": 4, "url": "https://www.tedxuniversityofpiraeus.com/media/event/2016/photo_01.png", "created_at": "2021-02-19T00:31:26Z"}}, {"model": "main_site.eventphoto", "pk": 62, "fields": {"event": 4, "url": "https://www.tedxuniversityofpiraeus.com/media/event/2016/photo_02.png", "created_at": "2021-02-19T00:31:26Z"}}, {"model": "main_site.eventphoto", "pk": 63, "fields": {"event": 4, "url": "https://www.tedxuniversityofpiraeus.com/media/event/2016/photo_03.png", "created_at": "2021-02-19T00:31:26Z"}}, {"model": "main_site.eventphoto", "pk": 64, "fields": {"event": 4, "url": "https://www.tedxuniversityofpiraeus.com/media/event/2016/photo_04.png", "created_at": "2021-02-19T00:31:26Z"}}, {"model": "main_site.eventphoto", "pk": 65, "fields": {"event": 4, "url": "https://www.tedxuniversityofpiraeus.com/media/event/2016/photo_05.png", "created_at": "2021-02-19T00:31:26Z"}}, {"model": "main_site.eventphoto", "pk": 66, "fields": {"event": 4, "url": "https://www.tedxuniversityofpiraeus.com/media/event/2016/photo_06.png", "created_at": "2021-02-19T00:31:26Z"}}, {"model": "main_site.eventphoto", "pk": 67, "fields": {"event": 4, "url": "https://www.tedxuniversityofpiraeus.com/media/event/2016/photo_07.png", "created_at": "2021-02-19T00:31:26Z"}}, {"model": "main_site.eventphoto", "pk": 68, "fields": {"event": 4, "url": "https://www.tedxuniversityofpiraeus.com/media/event/2016/photo_08.png", "created_at": "2021-02-19T00:31:26Z"}}, {"model": "main_site.eventphoto", "pk": 69, "fields": {"event": 4, "url": "https://www.tedxuniversityofpiraeus.com/media/event/2016/photo_09.png", "created_at": "2021-02-19T00:31:26Z"}}, {"model": "main_site.eventphoto", "pk": 70, "fields": {"event": 4, "url": "https://www.tedxuniversityofpiraeus.com/media/event/2016/photo_10.png", "created_at": "2021-02-19T00:31:26Z"}}, {"model": "main_site.eventphoto", "pk": 71, "fields": {"event": 4, "url": "https://www.tedxuniversityofpiraeus.com/media/event/2016/photo_11.png", "created_at": "2021-02-19T00:31:26Z"}}, {"model": "main_site.eventphoto", "pk": 72, "fields": {"event": 4, "url": "https://www.tedxuniversityofpiraeus.com/media/event/2016/photo_12.png", "created_at": "2021-02-19T00:31:26Z"}}, {"model": "main_site.eventphoto", "pk": 73, "fields": {"event": 4, "url": "https://www.tedxuniversityofpiraeus.com/media/event/2016/photo_13.png", "created_at": "2021-02-19T00:31:26Z"}}, {"model": "main_site.eventphoto", "pk": 74, "fields": {"event": 4, "url": "https://www.tedxuniversityofpiraeus.com/media/event/2016/photo_14.png", "created_at": "2021-02-19T00:31:26Z"}}, {"model": "main_site.eventphoto", "pk": 75, "fields": {"event": 4, "url": "https://www.tedxuniversityofpiraeus.com/media/event/2016/photo_15.png", "created_at": "2021-02-19T00:31:26Z"}}, {"model": "main_site.eventphoto", "pk": 76, "fields": {"event": 4, "url": "https://www.tedxuniversityofpiraeus.com/media/event/2016/photo_16.png", "created_at": "2021-02-19T00:31:26Z"}}, {"model": "main_site.eventphoto", "pk": 77, "fields": {"event": 4, "url": "https://www.tedxuniversityofpiraeus.com/media/event/2016/photo_17.png", "created_at": "2021-02-19T00:31:26Z"}}, {"model": "main_site.eventphoto", "pk": 78, "fields": {"event": 4, "url": "https://www.tedxuniversityofpiraeus.com/media/event/2016/photo_18.png", "created_at": "2021-02-19T00:31:26Z"}}, {"model": "main_site.eventphoto", "pk": 79, "fields": {"event": 4, "url": "https://www.tedxuniversityofpiraeus.com/media/event/2016/photo_19.png", "created_at": "2021-02-19T00:31:26Z"}}, {"model": "main_site.eventphoto", "pk": 80, "fields": {"event": 4, "url": "https://www.tedxuniversityofpiraeus.com/media/event/2016/photo_20.png", "created_at": "2021-02-19T00:31:26Z"}}, {"model": "main_site.eventphoto", "pk": 81, "fields": {"event": 5, "url": "https://www.tedxuniversityofpiraeus.com/media/event/2017/photo_01.png", "created_at": "2021-02-19T00:34:25Z"}}, {"model": "main_site.eventphoto", "pk": 82, "fields": {"event": 5, "url": "https://www.tedxuniversityofpiraeus.com/media/event/2017/photo_02.png", "created_at": "2021-02-19T00:34:25Z"}}, {"model": "main_site.eventphoto", "pk": 83, "fields": {"event": 5, "url": "https://www.tedxuniversityofpiraeus.com/media/event/2017/photo_03.png", "created_at": "2021-02-19T00:34:25Z"}}, {"model": "main_site.eventphoto", "pk": 84, "fields": {"event": 5, "url": "https://www.tedxuniversityofpiraeus.com/media/event/2017/photo_04.png", "created_at": "2021-02-19T00:34:25Z"}}, {"model": "main_site.eventphoto", "pk": 85, "fields": {"event": 5, "url": "https://www.tedxuniversityofpiraeus.com/media/event/2017/photo_05.png", "created_at": "2021-02-19T00:34:25Z"}}, {"model": "main_site.eventphoto", "pk": 86, "fields": {"event": 5, "url": "https://www.tedxuniversityofpiraeus.com/media/event/2017/photo_06.png", "created_at": "2021-02-19T00:34:25Z"}}, {"model": "main_site.eventphoto", "pk": 87, "fields": {"event": 5, "url": "https://www.tedxuniversityofpiraeus.com/media/event/2017/photo_07.png", "created_at": "2021-02-19T00:34:25Z"}}, {"model": "main_site.eventphoto", "pk": 88, "fields": {"event": 5, "url": "https://www.tedxuniversityofpiraeus.com/media/event/2017/photo_08.png", "created_at": "2021-02-19T00:34:25Z"}}, {"model": "main_site.eventphoto", "pk": 89, "fields": {"event": 5, "url": "https://www.tedxuniversityofpiraeus.com/media/event/2017/photo_09.png", "created_at": "2021-02-19T00:34:25Z"}}, {"model": "main_site.eventphoto", "pk": 90, "fields": {"event": 5, "url": "https://www.tedxuniversityofpiraeus.com/media/event/2017/photo_10.png", "created_at": "2021-02-19T00:34:25Z"}}, {"model": "main_site.eventphoto", "pk": 91, "fields": {"event": 5, "url": "https://www.tedxuniversityofpiraeus.com/media/event/2017/photo_11.png", "created_at": "2021-02-19T00:34:25Z"}}, {"model": "main_site.eventphoto", "pk": 92, "fields": {"event": 5, "url": "https://www.tedxuniversityofpiraeus.com/media/event/2017/photo_12.png", "created_at": "2021-02-19T00:34:25Z"}}, {"model": "main_site.eventphoto", "pk": 93, "fields": {"event": 5, "url": "https://www.tedxuniversityofpiraeus.com/media/event/2017/photo_13.png", "created_at": "2021-02-19T00:34:25Z"}}, {"model": "main_site.eventphoto", "pk": 94, "fields": {"event": 5, "url": "https://www.tedxuniversityofpiraeus.com/media/event/2017/photo_14.png", "created_at": "2021-02-19T00:34:25Z"}}, {"model": "main_site.eventphoto", "pk": 95, "fields": {"event": 5, "url": "https://www.tedxuniversityofpiraeus.com/media/event/2017/photo_15.png", "created_at": "2021-02-19T00:34:25Z"}}, {"model": "main_site.eventphoto", "pk": 96, "fields": {"event": 5, "url": "https://www.tedxuniversityofpiraeus.com/media/event/2017/photo_16.png", "created_at": "2021-02-19T00:34:25Z"}}, {"model": "main_site.eventphoto", "pk": 97, "fields": {"event": 5, "url": "https://www.tedxuniversityofpiraeus.com/media/event/2017/photo_17.png", "created_at": "2021-02-19T00:34:25Z"}}, {"model": "main_site.eventphoto", "pk": 98, "fields": {"event": 5, "url": "https://www.tedxuniversityofpiraeus.com/media/event/2017/photo_18.png", "created_at": "2021-02-19T00:34:25Z"}}, {"model": "main_site.eventphoto", "pk": 99, "fields": {"event": 5, "url": "https://www.tedxuniversityofpiraeus.com/media/event/2017/photo_19.png", "created_at": "2021-02-19T00:34:25Z"}}, {"model": "main_site.eventphoto", "pk": 100, "fields": {"event": 5, "url": "https://www.tedxuniversityofpiraeus.com/media/event/2017/photo_20.png", "created_at": "2021-02-19T00:34:25Z"}}, {"model": "main_site.eventphoto", "pk": 101, "fields": {"event": 6, "url": "https://www.tedxuniversityofpiraeus.com/media/event/2018/photo_01.png", "created_at": "2021-02-19T00:37:38Z"}}, {"model": "main_site.eventphoto", "pk": 102, "fields": {"event": 6, "url": "https://www.tedxuniversityofpiraeus.com/media/event/2018/photo_02.png", "created_at": "2021-02-19T00:37:38Z"}}, {"model": "main_site.eventphoto", "pk": 103, "fields": {"event": 6, "url": "https://www.tedxuniversityofpiraeus.com/media/event/2018/photo_03.png", "created_at": "2021-02-19T00:37:38Z"}}, {"model": "main_site.eventphoto", "pk": 104, "fields": {"event": 6, "url": "https://www.tedxuniversityofpiraeus.com/media/event/2018/photo_04.png", "created_at": "2021-02-19T00:37:38Z"}}, {"model": "main_site.eventphoto", "pk": 105, "fields": {"event": 6, "url": "https://www.tedxuniversityofpiraeus.com/media/event/2018/photo_05.png", "created_at": "2021-02-19T00:37:38Z"}}, {"model": "main_site.eventphoto", "pk": 106, "fields": {"event": 6, "url": "https://www.tedxuniversityofpiraeus.com/media/event/2018/photo_06.png", "created_at": "2021-02-19T00:37:38Z"}}, {"model": "main_site.eventphoto", "pk": 107, "fields": {"event": 6, "url": "https://www.tedxuniversityofpiraeus.com/media/event/2018/photo_07.png", "created_at": "2021-02-19T00:37:38Z"}}, {"model": "main_site.eventphoto", "pk": 108, "fields": {"event": 6, "url": "https://www.tedxuniversityofpiraeus.com/media/event/2018/photo_08.png", "created_at": "2021-02-19T00:37:38Z"}}, {"model": "main_site.eventphoto", "pk": 109, "fields": {"event": 6, "url": "https://www.tedxuniversityofpiraeus.com/media/event/2018/photo_09.png", "created_at": "2021-02-19T00:37:38Z"}}, {"model": "main_site.eventphoto", "pk": 110, "fields": {"event": 6, "url": "https://www.tedxuniversityofpiraeus.com/media/event/2018/photo_10.png", "created_at": "2021-02-19T00:37:38Z"}}, {"model": "main_site.eventphoto", "pk": 111, "fields": {"event": 6, "url": "https://www.tedxuniversityofpiraeus.com/media/event/2018/photo_11.png", "created_at": "2021-02-19T00:37:38Z"}}, {"model": "main_site.eventphoto", "pk": 112, "fields": {"event": 6, "url": "https://www.tedxuniversityofpiraeus.com/media/event/2018/photo_12.png", "created_at": "2021-02-19T00:37:38Z"}}, {"model": "main_site.eventphoto", "pk": 113, "fields": {"event": 6, "url": "https://www.tedxuniversityofpiraeus.com/media/event/2018/photo_13.png", "created_at": "2021-02-19T00:37:38Z"}}, {"model": "main_site.eventphoto", "pk": 114, "fields": {"event": 6, "url": "https://www.tedxuniversityofpiraeus.com/media/event/2018/photo_14.png", "created_at": "2021-02-19T00:37:38Z"}}, {"model": "main_site.eventphoto", "pk": 115, "fields": {"event": 6, "url": "https://www.tedxuniversityofpiraeus.com/media/event/2018/photo_15.png", "created_at": "2021-02-19T00:37:38Z"}}, {"model": "main_site.eventphoto", "pk": 116, "fields": {"event": 6, "url": "https://www.tedxuniversityofpiraeus.com/media/event/2018/photo_16.png", "created_at": "2021-02-19T00:37:38Z"}}, {"model": "main_site.eventphoto", "pk": 117, "fields": {"event": 6, "url": "https://www.tedxuniversityofpiraeus.com/media/event/2018/photo_17.png", "created_at": "2021-02-19T00:37:38Z"}}, {"model": "main_site.eventphoto", "pk": 118, "fields": {"event": 6, "url": "https://www.tedxuniversityofpiraeus.com/media/event/2018/photo_18.png", "created_at": "2021-02-19T00:37:38Z"}}, {"model": "main_site.eventphoto", "pk": 119, "fields": {"event": 6, "url": "https://www.tedxuniversityofpiraeus.com/media/event/2018/photo_19.png", "created_at": "2021-02-19T00:37:38Z"}}, {"model": "main_site.eventphoto", "pk": 120, "fields": {"event": 6, "url": "https://www.tedxuniversityofpiraeus.com/media/event/2018/photo_20.png", "created_at": "2021-02-19T00:37:38Z"}}, {"model": "main_site.eventphoto", "pk": 121, "fields": {"event": 7, "url": "https://www.tedxuniversityofpiraeus.com/media/event/2019/photo_01.png", "created_at": "2021-02-19T00:40:45Z"}}, {"model": "main_site.eventphoto", "pk": 122, "fields": {"event": 7, "url": "https://www.tedxuniversityofpiraeus.com/media/event/2019/photo_02.png", "created_at": "2021-02-19T00:40:45Z"}}, {"model": "main_site.eventphoto", "pk": 123, "fields": {"event": 7, "url": "https://www.tedxuniversityofpiraeus.com/media/event/2019/photo_03.png", "created_at": "2021-02-19T00:40:45Z"}}, {"model": "main_site.eventphoto", "pk": 124, "fields": {"event": 7, "url": "https://www.tedxuniversityofpiraeus.com/media/event/2019/photo_04.png", "created_at": "2021-02-19T00:40:45Z"}}, {"model": "main_site.eventphoto", "pk": 125, "fields": {"event": 7, "url": "https://www.tedxuniversityofpiraeus.com/media/event/2019/photo_05.png", "created_at": "2021-02-19T00:40:45Z"}}, {"model": "main_site.eventphoto", "pk": 126, "fields": {"event": 7, "url": "https://www.tedxuniversityofpiraeus.com/media/event/2019/photo_06.png", "created_at": "2021-02-19T00:40:45Z"}}, {"model": "main_site.eventphoto", "pk": 127, "fields": {"event": 7, "url": "https://www.tedxuniversityofpiraeus.com/media/event/2019/photo_07.png", "created_at": "2021-02-19T00:40:45Z"}}, {"model": "main_site.eventphoto", "pk": 128, "fields": {"event": 7, "url": "https://www.tedxuniversityofpiraeus.com/media/event/2019/photo_08.png", "created_at": "2021-02-19T00:40:45Z"}}, {"model": "main_site.eventphoto", "pk": 129, "fields": {"event": 7, "url": "https://www.tedxuniversityofpiraeus.com/media/event/2019/photo_09.png", "created_at": "2021-02-19T00:40:45Z"}}, {"model": "main_site.eventphoto", "pk": 130, "fields": {"event": 7, "url": "https://www.tedxuniversityofpiraeus.com/media/event/2019/photo_10.png", "created_at": "2021-02-19T00:40:45Z"}}, {"model": "main_site.eventphoto", "pk": 131, "fields": {"event": 7, "url": "https://www.tedxuniversityofpiraeus.com/media/event/2019/photo_11.png", "created_at": "2021-02-19T00:40:45Z"}}, {"model": "main_site.eventphoto", "pk": 132, "fields": {"event": 7, "url": "https://www.tedxuniversityofpiraeus.com/media/event/2019/photo_12.png", "created_at": "2021-02-19T00:40:45Z"}}, {"model": "main_site.eventphoto", "pk": 133, "fields": {"event": 7, "url": "https://www.tedxuniversityofpiraeus.com/media/event/2019/photo_13.png", "created_at": "2021-02-19T00:40:45Z"}}, {"model": "main_site.eventphoto", "pk": 134, "fields": {"event": 7, "url": "https://www.tedxuniversityofpiraeus.com/media/event/2019/photo_14.png", "created_at": "2021-02-19T00:40:45Z"}}, {"model": "main_site.eventphoto", "pk": 135, "fields": {"event": 7, "url": "https://www.tedxuniversityofpiraeus.com/media/event/2019/photo_15.png", "created_at": "2021-02-19T00:40:45Z"}}, {"model": "main_site.eventphoto", "pk": 136, "fields": {"event": 7, "url": "https://www.tedxuniversityofpiraeus.com/media/event/2019/photo_16.png", "created_at": "2021-02-19T00:40:45Z"}}, {"model": "main_site.eventphoto", "pk": 137, "fields": {"event": 7, "url": "https://www.tedxuniversityofpiraeus.com/media/event/2019/photo_17.png", "created_at": "2021-02-19T00:40:45Z"}}, {"model": "main_site.eventphoto", "pk": 138, "fields": {"event": 7, "url": "https://www.tedxuniversityofpiraeus.com/media/event/2019/photo_18.png", "created_at": "2021-02-19T00:40:45Z"}}, {"model": "main_site.eventphoto", "pk": 139, "fields": {"event": 7, "url": "https://www.tedxuniversityofpiraeus.com/media/event/2019/photo_19.png", "created_at": "2021-02-19T00:40:45Z"}}, {"model": "main_site.eventphoto", "pk": 140, "fields": {"event": 7, "url": "https://www.tedxuniversityofpiraeus.com/media/event/2019/photo_20.png", "created_at": "2021-02-19T00:40:45Z"}}, {"model": "main_site.eventphoto", "pk": 141, "fields": {"event": 8, "url": "https://www.tedxuniversityofpiraeus.com/media/event/2020/photo_01.png", "created_at": "2021-02-19T00:43:01Z"}}, {"model": "main_site.eventphoto", "pk": 142, "fields": {"event": 8, "url": "https://www.tedxuniversityofpiraeus.com/media/event/2020/photo_02.png", "created_at": "2021-02-19T00:43:01Z"}}, {"model": "main_site.eventphoto", "pk": 143, "fields": {"event": 8, "url": "https://www.tedxuniversityofpiraeus.com/media/event/2020/photo_03.png", "created_at": "2021-02-19T00:43:01Z"}}, {"model": "main_site.eventphoto", "pk": 144, "fields": {"event": 8, "url": "https://www.tedxuniversityofpiraeus.com/media/event/2020/photo_04.png", "created_at": "2021-02-19T00:43:01Z"}}, {"model": "main_site.eventphoto", "pk": 145, "fields": {"event": 8, "url": "https://www.tedxuniversityofpiraeus.com/media/event/2020/photo_05.png", "created_at": "2021-02-19T00:43:01Z"}}, {"model": "main_site.eventphoto", "pk": 146, "fields": {"event": 8, "url": "https://www.tedxuniversityofpiraeus.com/media/event/2020/photo_06.png", "created_at": "2021-02-19T00:43:01Z"}}, {"model": "main_site.eventphoto", "pk": 147, "fields": {"event": 8, "url": "https://www.tedxuniversityofpiraeus.com/media/event/2020/photo_07.png", "created_at": "2021-02-19T00:43:01Z"}}, {"model": "main_site.eventphoto", "pk": 148, "fields": {"event": 8, "url": "https://www.tedxuniversityofpiraeus.com/media/event/2020/photo_08.png", "created_at": "2021-02-19T00:43:01Z"}}, {"model": "main_site.eventphoto", "pk": 149, "fields": {"event": 8, "url": "https://www.tedxuniversityofpiraeus.com/media/event/2020/photo_09.png", "created_at": "2021-02-19T00:43:01Z"}}, {"model": "main_site.eventphoto", "pk": 150, "fields": {"event": 8, "url": "https://www.tedxuniversityofpiraeus.com/media/event/2020/photo_10.png", "created_at": "2021-02-19T00:43:01Z"}}, {"model": "main_site.eventphoto", "pk": 151, "fields": {"event": 8, "url": "https://www.tedxuniversityofpiraeus.com/media/event/2020/photo_11.png", "created_at": "2021-02-19T00:43:01Z"}}, {"model": "main_site.eventphoto", "pk": 152, "fields": {"event": 8, "url": "https://www.tedxuniversityofpiraeus.com/media/event/2020/photo_12.png", "created_at": "2021-02-19T00:43:01Z"}}, {"model": "main_site.eventphoto", "pk": 153, "fields": {"event": 8, "url": "https://www.tedxuniversityofpiraeus.com/media/event/2020/photo_13.png", "created_at": "2021-02-19T00:43:01Z"}}, {"model": "main_site.eventphoto", "pk": 154, "fields": {"event": 8, "url": "https://www.tedxuniversityofpiraeus.com/media/event/2020/photo_14.png", "created_at": "2021-02-19T00:43:01Z"}}, {"model": "main_site.eventphoto", "pk": 155, "fields": {"event": 8, "url": "https://www.tedxuniversityofpiraeus.com/media/event/2020/photo_15.png", "created_at": "2021-02-19T00:43:01Z"}}, {"model": "main_site.eventphoto", "pk": 156, "fields": {"event": 8, "url": "https://www.tedxuniversityofpiraeus.com/media/event/2020/photo_16.png", "created_at": "2021-02-19T00:43:01Z"}}, {"model": "main_site.eventphoto", "pk": 157, "fields": {"event": 8, "url": "https://www.tedxuniversityofpiraeus.com/media/event/2020/photo_17.png", "created_at": "2021-02-19T00:43:01Z"}}, {"model": "main_site.eventphoto", "pk": 158, "fields": {"event": 8, "url": "https://www.tedxuniversityofpiraeus.com/media/event/2020/photo_18.png", "created_at": "2021-02-19T00:43:01Z"}}, {"model": "main_site.eventphoto", "pk": 159, "fields": {"event": 8, "url": "https://www.tedxuniversityofpiraeus.com/media/event/2020/photo_19.png", "created_at": "2021-02-19T00:43:01Z"}}, {"model": "main_site.eventphoto", "pk": 160, "fields": {"event": 8, "url": "https://www.tedxuniversityofpiraeus.com/media/event/2020/photo_20.png", "created_at": "2021-02-19T00:43:01Z"}}, {"model": "main_site.eventvideo", "pk": 1, "fields": {"event": 1, "url": "https://www.youtube.com/watch?v=5gr7CJ-tIGk", "created_at": "2021-02-19T00:22:35Z"}}, {"model": "main_site.eventvideo", "pk": 2, "fields": {"event": 1, "url": "https://www.youtube.com/watch?v=hO0eQznR4gM", "created_at": "2021-02-19T00:22:35Z"}}, {"model": "main_site.eventvideo", "pk": 3, "fields": {"event": 1, "url": "https://www.youtube.com/watch?v=fnqGYC6KjVE", "created_at": "2021-02-19T00:22:35Z"}}, {"model": "main_site.eventvideo", "pk": 4, "fields": {"event": 1, "url": "https://www.youtube.com/watch?v=JBlkESbt1Lo", "created_at": "2021-02-19T00:22:35Z"}}, {"model": "main_site.eventvideo", "pk": 5, "fields": {"event": 1, "url": "https://www.youtube.com/watch?v=8zewY4mIZi4", "created_at": "2021-02-19T00:22:35Z"}}, {"model": "main_site.eventvideo", "pk": 6, "fields": {"event": 2, "url": "https://www.youtube.com/watch?v=B1NM6cjI9LU", "created_at": "2021-02-19T00:26:59Z"}}, {"model": "main_site.eventvideo", "pk": 7, "fields": {"event": 2, "url": "https://www.youtube.com/watch?v=bkikNU8OxSI", "created_at": "2021-02-19T00:26:59Z"}}, {"model": "main_site.eventvideo", "pk": 8, "fields": {"event": 3, "url": "https://www.youtube.com/watch?v=5qMMD46xY8w", "created_at": "2021-02-19T00:28:16Z"}}, {"model": "main_site.eventvideo", "pk": 9, "fields": {"event": 4, "url": "https://www.youtube.com/watch?v=SlCYEG50Lz8", "created_at": "2021-02-19T00:31:26Z"}}, {"model": "main_site.eventvideo", "pk": 10, "fields": {"event": 4, "url": "https://www.youtube.com/watch?v=_qT2mE5aNvY", "created_at": "2021-02-19T00:31:26Z"}}, {"model": "main_site.eventvideo", "pk": 11, "fields": {"event": 5, "url": "https://www.youtube.com/watch?v=fYN5xKJrKYQ", "created_at": "2021-02-19T00:34:25Z"}}, {"model": "main_site.eventvideo", "pk": 12, "fields": {"event": 5, "url": "https://www.youtube.com/watch?v=VWfzpLYDyCs", "created_at": "2021-02-19T00:34:25Z"}}, {"model": "main_site.eventvideo", "pk": 13, "fields": {"event": 5, "url": "https://www.youtube.com/watch?v=al0h0mBfS1w", "created_at": "2021-02-19T00:34:25Z"}}, {"model": "main_site.eventvideo", "pk": 14, "fields": {"event": 5, "url": "https://www.youtube.com/watch?v=o0rYR2VKcgM", "created_at": "2021-02-19T00:34:25Z"}}, {"model": "main_site.eventvideo", "pk": 15, "fields": {"event": 5, "url": "https://www.youtube.com/watch?v=x5stQTC9lJc", "created_at": "2021-02-19T00:34:25Z"}}, {"model": "main_site.eventvideo", "pk": 16, "fields": {"event": 6, "url": "https://www.youtube.com/watch?v=Xh3nUCosNdI", "created_at": "2021-02-19T00:37:38Z"}}, {"model": "main_site.eventvideo", "pk": 17, "fields": {"event": 7, "url": "https://www.youtube.com/watch?v=S8_APSsfOAg", "created_at": "2021-02-19T00:40:45Z"}}, {"model": "main_site.eventvideo", "pk": 18, "fields": {"event": 7, "url": "https://www.youtube.com/watch?v=xAGm97YWW2g", "created_at": "2021-02-19T00:40:45Z"}}, {"model": "main_site.eventvideo", "pk": 19, "fields": {"event": 8, "url": "https://www.youtube.com/watch?v=YlEgKtZRH58", "created_at": "2021-02-19T00:43:01Z"}}, {"model": "main_site.eventvideo", "pk": 20, "fields": {"event": 8, "url": "https://www.youtube.com/watch?v=VRXNp8pOO-g", "created_at": "2021-02-19T00:43:01Z"}}]